record_id,current_gpa,vegetables,vegetables_2,fruit,fruit_juice,green_salad,milk,breakfast,soda,diet_soda,energy_drinks,sports_drinks,fast_food,gpa_quality_flag
1,1.7,0 times (not at all),0 times (not at all),4 to 6 times,4 to 6 times,0 times (not at all),0 glasses (not at all),1 day,0 times (not at all),0 times (not at all),0 times (not at all),1 to 3 times,1 to 3 times,valid
2,3.94,0 times (not at all),0 times (not at all),1 to 3 times,0 times (not at all),0 times (not at all),0 glasses (not at all),1 day,4 to 6 times,0 times (not at all),0 times (not at all),1 to 3 times,1 to 3 times,valid
3,4,0 times (not at all),0 times (not at all),0 times (not at all),0 times (not at all),0 times (not at all),1 to 3 glasses,0 days (not at all),0 times (not at all),0 times (not at all),0 times (not at all),0 times (not at all),1 to 3 times,valid
4,3.8,0 times (not at all),0 times (not at all),0 times (not at all),0 times (not at all),0 times (not at all),1 to 3 glasses,0 days (not at all),0 times (not at all),0 times (not at all),0 times (not at all),0 times (not at all),1 to 3 times,valid
5,3.6,0 times (not at all),0 times (not at all),0 times (not at all),7 to 10 times,0 times (not at all),0 glasses (not at all),0 days (not at all),1 to 3 times,1 to 3 times,0 times (not at all),1 to 3 times,1 to 3 times,valid
6,0.57,0 times (not at all),0 times (not at all),1 to 3 times,1 to 3 times,0 times (not at all),0 glasses (not at all),2 days,1 to 3 times,0 times (not at all),0 times (not at all),0 times (not at all),4 to 6 times,valid
7,3.76,0 times (not at all),0 times (not at all),0 times (not at all),0 times (not at all),1 to 3 times,0 glasses (not at all),0 days (not at all),0 times (not at all),0 times (not at all),0 times (not at all),0 times (not at all),1 to 3 times,valid
8,3.22,0 times (not at all),0 times (not at all),1 to 3 times,1 to 3 times,0 times (not at all),0 glasses (not at all),1 day,0 times (not at all),0 times (not at all),0 times (not at all),1 to 3 times,7 to 10 times,valid
9,2.7,0 times (not at all),0 times (not at all),0 times (not at all),0 times (not at all),0 times (not at all),1 to 3 glasses,0 days (not at all),0 times (not at all),0 times (not at all),0 times (not at all),0 times (not at all),1 to 3 times,valid
10,3.49,0 times (not at all),0 times (not at all),4 to 6 times,0 times (not at all),0 times (not at all),0 glasses (not at all),7 days (everyday),0 times (not at all),0 times (not at all),0 times (not at all),1 to 3 times,0 times (not at all),valid
11,3.927,0 times (not at all),0 times (not at all),1 to 3 times,0 times (not at all),0 times (not at all),1 to 3 glasses,2 days,0 times (not at all),0 times (not at all),0 times (not at all),0 times (not at all),1 to 3 times,valid
12,3.8,0 times (not at all),0 times (not at all),1 to 3 times,1 to 3 times,1 to 3 times,1 to 3 glasses,4 days,1 to 3 times,1 to 3 times,0 times (not at all),0 times (not at all),1 to 3 times,valid
13,3.5,0 times (not at all),0 times (not at all),1 to 3 times,0 times (not at all),0 times (not at all),0 glasses (not at all),2 days,1 to 3 times,0 times (not at all),0 times (not at all),4 to 6 times,4 to 6 times,valid
14,3.3,0 times (not at all),0 times (not at all),4 to 6 times,0 times (not at all),0 times (not at all),11 glasses or more,5 days,0 times (not at all),0 times (not at all),0 times (not at all),1 to 3 times,0 times (not at all),valid
15,3.4,0 times (not at all),0 times (not at all),4 to 6 times,4 to 6 times,0 times (not at all),0 glasses (not at all),2 days,0 times (not at all),0 times (not at all),0 times (not at all),4 to 6 times,4 to 6 times,valid
16,3.45,0 times (not at all),0 times (not at all),1 to 3 times,1 to 3 times,0 times (not at all),0 glasses (not at all),1 day,1 to 3 times,0 times (not at all),0 times (not at all),0 times (not at all),4 to 6 times,valid
17,3.6,0 times (not at all),0 times (not at all),1 to 3 times,0 times (not at all),0 times (not at all),7 to 10 glasses,7 days (everyday),1 to 3 times,0 times (not at all),0 times (not at all),0 times (not at all),1 to 3 times,valid
18,4,0 times (not at all),0 times (not at all),0 times (not at all),1 to 3 times,0 times (not at all),4 to 6 glasses,4 days,1 to 3 times,0 times (not at all),0 times (not at all),4 to 6 times,1 to 3 times,valid
19,3,0 times (not at all),0 times (not at all),1 to 3 times,4 to 6 times,1 to 3 times,0 glasses (not at all),3 days,0 times (not at all),0 times (not at all),1 to 3 times,0 times (not at all),0 times (not at all),valid
20,3.15,0 times (not at all),0 times (not at all),0 times (not at all),1 to 3 times,1 to 3 times,0 glasses (not at all),2 days,7 to 10 times,0 times (not at all),0 times (not at all),1 to 3 times,11 times or more,valid
21,3.1,0 times (not at all),0 times (not at all),0 times (not at all),7 to 10 times,0 times (not at all),0 glasses (not at all),5 days,4 to 6 times,0 times (not at all),11 times or more,0 times (not at all),11 times or more,valid
22,3,0 times (not at all),0 times (not at all),1 to 3 times,1 to 3 times,0 times (not at all),0 glasses (not at all),1 day,0 times (not at all),0 times (not at all),0 times (not at all),1 to 3 times,7 to 10 times,valid
23,3,0 times (not at all),0 times (not at all),1 to 3 times,1 to 3 times,0 times (not at all),0 glasses (not at all),1 day,0 times (not at all),0 times (not at all),0 times (not at all),1 to 3 times,7 to 10 times,valid
24,3.84,0 times (not at all),0 times (not at all),4 to 6 times,1 to 3 times,0 times (not at all),4 to 6 glasses,7 days (everyday),1 to 3 times,0 times (not at all),0 times (not at all),0 times (not at all),1 to 3 times,valid
25,2.92,0 times (not at all),0 times (not at all),4 to 6 times,1 to 3 times,0 times (not at all),0 glasses (not at all),0 days (not at all),7 to 10 times,0 times (not at all),1 to 3 times,4 to 6 times,0 times (not at all),valid
26,2.7,0 times (not at all),0 times (not at all),1 to 3 times,0 times (not at all),0 times (not at all),0 glasses (not at all),3 days,4 to 6 times,4 to 6 times,1 to 3 times,0 times (not at all),7 to 10 times,valid
27,3.3,0 times (not at all),0 times (not at all),1 to 3 times,1 to 3 times,0 times (not at all),0 glasses (not at all),5 days,0 times (not at all),0 times (not at all),0 times (not at all),1 to 3 times,11 times or more,valid
28,3.82,0 times (not at all),0 times (not at all),7 to 10 times,1 to 3 times,0 times (not at all),7 to 10 glasses,7 days (everyday),0 times (not at all),1 to 3 times,0 times (not at all),1 to 3 times,1 to 3 times,valid
29,3.98,0 times (not at all),0 times (not at all),1 to 3 times,1 to 3 times,0 times (not at all),4 to 6 glasses,7 days (everyday),7 to 10 times,11 times or more,0 times (not at all),0 times (not at all),4 to 6 times,valid
30,2.6,0 times (not at all),0 times (not at all),0 times (not at all),0 times (not at all),0 times (not at all),0 glasses (not at all),4 days,0 times (not at all),0 times (not at all),0 times (not at all),0 times (not at all),0 times (not at all),valid
31,3.83,0 times (not at all),0 times (not at all),0 times (not at all),0 times (not at all),0 times (not at all),0 glasses (not at all),1 day,0 times (not at all),0 times (not at all),0 times (not at all),0 times (not at all),0 times (not at all),valid
32,3.75,0 times (not at all),0 times (not at all),0 times (not at all),0 times (not at all),0 times (not at all),1 to 3 glasses,3 days,11 times or more,0 times (not at all),0 times (not at all),0 times (not at all),1 to 3 times,valid
33,2.45,0 times (not at all),0 times (not at all),0 times (not at all),0 times (not at all),0 times (not at all),1 to 3 glasses,1 day,4 to 6 times,0 times (not at all),0 times (not at all),1 to 3 times,1 to 3 times,valid
34,3.94,1 to 3 times,1 to 3 times,1 to 3 times,0 times (not at all),0 times (not at all),0 glasses (not at all),0 days (not at all),7 to 10 times,0 times (not at all),0 times (not at all),0 times (not at all),1 to 3 times,valid
35,3.4,1 to 3 times,1 to 3 times,0 times (not at all),0 times (not at all),0 times (not at all),0 glasses (not at all),0 days (not at all),1 to 3 times,0 times (not at all),0 times (not at all),4 to 6 times,1 to 3 times,valid
36,4,1 to 3 times,1 to 3 times,7 to 10 times,1 to 3 times,0 times (not at all),1 to 3 glasses,7 days (everyday),0 times (not at all),0 times (not at all),0 times (not at all),0 times (not at all),0 times (not at all),valid
37,3.8,1 to 3 times,1 to 3 times,1 to 3 times,0 times (not at all),0 times (not at all),0 glasses (not at all),4 days,1 to 3 times,0 times (not at all),0 times (not at all),0 times (not at all),0 times (not at all),valid
38,2.8,1 to 3 times,1 to 3 times,4 to 6 times,1 to 3 times,1 to 3 times,0 glasses (not at all),3 days,0 times (not at all),0 times (not at all),0 times (not at all),0 times (not at all),1 to 3 times,valid
39,3.3,1 to 3 times,1 to 3 times,1 to 3 times,0 times (not at all),1 to 3 times,1 to 3 glasses,5 days,1 to 3 times,0 times (not at all),0 times (not at all),0 times (not at all),1 to 3 times,valid
40,3.95,1 to 3 times,1 to 3 times,4 to 6 times,1 to 3 times,0 times (not at all),7 to 10 glasses,7 days (everyday),1 to 3 times,0 times (not at all),0 times (not at all),0 times (not at all),1 to 3 times,valid
41,3.7,1 to 3 times,1 to 3 times,7 to 10 times,0 times (not at all),0 times (not at all),0 glasses (not at all),5 days,0 times (not at all),0 times (not at all),0 times (not at all),0 times (not at all),1 to 3 times,valid
42,3.2,1 to 3 times,1 to 3 times,4 to 6 times,0 times (not at all),0 times (not at all),0 glasses (not at all),5 days,0 times (not at all),0 times (not at all),0 times (not at all),0 times (not at all),1 to 3 times,valid
43,3.8,1 to 3 times,1 to 3 times,4 to 6 times,1 to 3 times,1 to 3 times,0 glasses (not at all),6 days,0 times (not at all),0 times (not at all),1 to 3 times,0 times (not at all),1 to 3 times,valid
44,3.9,1 to 3 times,1 to 3 times,4 to 6 times,0 times (not at all),1 to 3 times,1 to 3 glasses,5 days,0 times (not at all),0 times (not at all),1 to 3 times,0 times (not at all),1 to 3 times,valid
45,3.75,1 to 3 times,1 to 3 times,7 to 10 times,0 times (not at all),11 times or more,1 to 3 glasses,7 days (everyday),0 times (not at all),0 times (not at all),0 times (not at all),4 to 6 times,0 times (not at all),valid
46,3.9,1 to 3 times,1 to 3 times,4 to 6 times,1 to 3 times,1 to 3 times,1 to 3 glasses,5 days,1 to 3 times,0 times (not at all),0 times (not at all),0 times (not at all),4 to 6 times,valid
47,3.7,1 to 3 times,1 to 3 times,4 to 6 times,1 to 3 times,0 times (not at all),1 to 3 glasses,1 day,7 to 10 times,0 times (not at all),0 times (not at all),0 times (not at all),4 to 6 times,valid
48,3.266,1 to 3 times,1 to 3 times,1 to 3 times,0 times (not at all),0 times (not at all),1 to 3 glasses,4 days,11 times or more,0 times (not at all),0 times (not at all),0 times (not at all),0 times (not at all),valid
49,3.6,1 to 3 times,1 to 3 times,1 to 3 times,0 times (not at all),1 to 3 times,1 to 3 glasses,2 days,1 to 3 times,0 times (not at all),0 times (not at all),0 times (not at all),1 to 3 times,valid
50,3.5,1 to 3 times,1 to 3 times,4 to 6 times,1 to 3 times,1 to 3 times,0 glasses (not at all),7 days (everyday),0 times (not at all),0 times (not at all),0 times (not at all),1 to 3 times,1 to 3 times,valid
51,3.75,1 to 3 times,1 to 3 times,0 times (not at all),0 times (not at all),1 to 3 times,1 to 3 glasses,3 days,0 times (not at all),0 times (not at all),0 times (not at all),0 times (not at all),1 to 3 times,valid
52,3.3,1 to 3 times,1 to 3 times,7 to 10 times,0 times (not at all),1 to 3 times,1 to 3 glasses,7 days (everyday),0 times (not at all),0 times (not at all),0 times (not at all),0 times (not at all),1 to 3 times,valid
53,2.1,1 to 3 times,1 to 3 times,1 to 3 times,1 to 3 times,0 times (not at all),4 to 6 glasses,3 days,4 to 6 times,0 times (not at all),0 times (not at all),0 times (not at all),1 to 3 times,valid
54,3.6,1 to 3 times,1 to 3 times,1 to 3 times,7 to 10 times,1 to 3 times,0 glasses (not at all),1 day,1 to 3 times,0 times (not at all),0 times (not at all),1 to 3 times,4 to 6 times,valid
55,3.2,1 to 3 times,1 to 3 times,0 times (not at all),1 to 3 times,1 to 3 times,1 to 3 glasses,6 days,4 to 6 times,0 times (not at all),0 times (not at all),0 times (not at all),4 to 6 times,valid
56,3.83,1 to 3 times,1 to 3 times,4 to 6 times,1 to 3 times,1 to 3 times,1 to 3 glasses,7 days (everyday),4 to 6 times,0 times (not at all),0 times (not at all),0 times (not at all),1 to 3 times,valid
57,2.7,1 to 3 times,1 to 3 times,1 to 3 times,0 times (not at all),0 times (not at all),0 glasses (not at all),2 days,1 to 3 times,0 times (not at all),0 times (not at all),0 times (not at all),4 to 6 times,valid
58,3.5,1 to 3 times,1 to 3 times,4 to 6 times,0 times (not at all),1 to 3 times,1 to 3 glasses,7 days (everyday),0 times (not at all),0 times (not at all),0 times (not at all),0 times (not at all),0 times (not at all),valid
59,3.5,1 to 3 times,1 to 3 times,0 times (not at all),0 times (not at all),1 to 3 times,1 to 3 glasses,1 day,0 times (not at all),0 times (not at all),0 times (not at all),0 times (not at all),4 to 6 times,valid
60,4,1 to 3 times,1 to 3 times,1 to 3 times,1 to 3 times,1 to 3 times,1 to 3 glasses,5 days,1 to 3 times,1 to 3 times,0 times (not at all),1 to 3 times,1 to 3 times,valid
61,4,1 to 3 times,1 to 3 times,4 to 6 times,1 to 3 times,1 to 3 times,1 to 3 glasses,4 days,0 times (not at all),0 times (not at all),0 times (not at all),4 to 6 times,1 to 3 times,valid
62,4,1 to 3 times,1 to 3 times,1 to 3 times,1 to 3 times,1 to 3 times,1 to 3 glasses,4 days,0 times (not at all),0 times (not at all),0 times (not at all),4 to 6 times,1 to 3 times,valid
63,2.75,1 to 3 times,1 to 3 times,1 to 3 times,0 times (not at all),1 to 3 times,1 to 3 glasses,3 days,0 times (not at all),0 times (not at all),0 times (not at all),1 to 3 times,1 to 3 times,valid
64,3.1,1 to 3 times,1 to 3 times,0 times (not at all),4 to 6 times,1 to 3 times,0 glasses (not at all),2 days,0 times (not at all),0 times (not at all),0 times (not at all),1 to 3 times,1 to 3 times,valid
65,3.75,1 to 3 times,1 to 3 times,4 to 6 times,1 to 3 times,1 to 3 times,1 to 3 glasses,7 days (everyday),0 times (not at all),0 times (not at all),0 times (not at all),1 to 3 times,0 times (not at all),valid
66,4,1 to 3 times,1 to 3 times,1 to 3 times,0 times (not at all),0 times (not at all),0 glasses (not at all),4 days,0 times (not at all),0 times (not at all),0 times (not at all),0 times (not at all),0 times (not at all),valid
67,3.85,1 to 3 times,1 to 3 times,7 to 10 times,1 to 3 times,4 to 6 times,1 to 3 glasses,1 day,1 to 3 times,1 to 3 times,0 times (not at all),0 times (not at all),4 to 6 times,valid
68,3.8,1 to 3 times,1 to 3 times,0 times (not at all),0 times (not at all),0 times (not at all),7 to 10 glasses,7 days (everyday),1 to 3 times,0 times (not at all),0 times (not at all),1 to 3 times,0 times (not at all),valid
69,2.5,1 to 3 times,1 to 3 times,0 times (not at all),0 times (not at all),1 to 3 times,0 glasses (not at all),3 days,0 times (not at all),0 times (not at all),0 times (not at all),1 to 3 times,0 times (not at all),valid
70,3.8,1 to 3 times,1 to 3 times,1 to 3 times,4 to 6 times,1 to 3 times,0 glasses (not at all),0 days (not at all),4 to 6 times,0 times (not at all),0 times (not at all),1 to 3 times,1 to 3 times,valid
71,2.7,1 to 3 times,1 to 3 times,0 times (not at all),1 to 3 times,1 to 3 times,1 to 3 glasses,0 days (not at all),4 to 6 times,1 to 3 times,0 times (not at all),0 times (not at all),1 to 3 times,valid
72,4,1 to 3 times,1 to 3 times,1 to 3 times,0 times (not at all),0 times (not at all),0 glasses (not at all),3 days,0 times (not at all),0 times (not at all),0 times (not at all),0 times (not at all),1 to 3 times,valid
73,4,1 to 3 times,1 to 3 times,1 to 3 times,0 times (not at all),1 to 3 times,0 glasses (not at all),7 days (everyday),0 times (not at all),0 times (not at all),0 times (not at all),0 times (not at all),1 to 3 times,valid
74,3.5,1 to 3 times,1 to 3 times,1 to 3 times,0 times (not at all),0 times (not at all),1 to 3 glasses,3 days,1 to 3 times,0 times (not at all),0 times (not at all),4 to 6 times,1 to 3 times,valid
75,4,1 to 3 times,1 to 3 times,1 to 3 times,0 times (not at all),1 to 3 times,4 to 6 glasses,7 days (everyday),0 times (not at all),0 times (not at all),0 times (not at all),0 times (not at all),1 to 3 times,valid
76,3,1 to 3 times,1 to 3 times,1 to 3 times,0 times (not at all),1 to 3 times,4 to 6 glasses,7 days (everyday),0 times (not at all),0 times (not at all),0 times (not at all),0 times (not at all),1 to 3 times,valid
77,3,1 to 3 times,1 to 3 times,1 to 3 times,0 times (not at all),0 times (not at all),4 to 6 glasses,2 days,7 to 10 times,0 times (not at all),0 times (not at all),1 to 3 times,4 to 6 times,valid
78,3,1 to 3 times,1 to 3 times,1 to 3 times,1 to 3 times,1 to 3 times,0 glasses (not at all),1 day,1 to 3 times,0 times (not at all),0 times (not at all),0 times (not at all),1 to 3 times,valid
79,3.8,1 to 3 times,1 to 3 times,4 to 6 times,1 to 3 times,1 to 3 times,0 glasses (not at all),7 days (everyday),1 to 3 times,1 to 3 times,0 times (not at all),11 times or more,1 to 3 times,valid
80,4,1 to 3 times,1 to 3 times,4 to 6 times,4 to 6 times,1 to 3 times,0 glasses (not at all),5 days,0 times (not at all),0 times (not at all),0 times (not at all),1 to 3 times,1 to 3 times,valid
81,3.8,1 to 3 times,1 to 3 times,7 to 10 times,0 times (not at all),0 times (not at all),0 glasses (not at all),7 days (everyday),0 times (not at all),0 times (not at all),0 times (not at all),0 times (not at all),1 to 3 times,valid
82,2.8,1 to 3 times,1 to 3 times,1 to 3 times,0 times (not at all),4 to 6 times,1 to 3 glasses,5 days,1 to 3 times,0 times (not at all),0 times (not at all),0 times (not at all),1 to 3 times,valid
83,3.82,1 to 3 times,1 to 3 times,1 to 3 times,1 to 3 times,1 to 3 times,0 glasses (not at all),5 days,0 times (not at all),0 times (not at all),0 times (not at all),1 to 3 times,0 times (not at all),valid
84,3.7,1 to 3 times,1 to 3 times,1 to 3 times,0 times (not at all),1 to 3 times,0 glasses (not at all),7 days (everyday),1 to 3 times,0 times (not at all),0 times (not at all),0 times (not at all),1 to 3 times,valid
85,2.9,1 to 3 times,1 to 3 times,1 to 3 times,1 to 3 times,1 to 3 times,0 glasses (not at all),3 days,0 times (not at all),1 to 3 times,0 times (not at all),0 times (not at all),1 to 3 times,valid
86,0.57,1 to 3 times,1 to 3 times,1 to 3 times,1 to 3 times,0 times (not at all),0 glasses (not at all),2 days,1 to 3 times,0 times (not at all),0 times (not at all),0 times (not at all),1 to 3 times,valid
87,3.67,1 to 3 times,1 to 3 times,1 to 3 times,1 to 3 times,0 times (not at all),0 glasses (not at all),1 day,0 times (not at all),0 times (not at all),0 times (not at all),0 times (not at all),1 to 3 times,valid
88,3.5,1 to 3 times,1 to 3 times,4 to 6 times,0 times (not at all),0 times (not at all),7 to 10 glasses,7 days (everyday),0 times (not at all),0 times (not at all),0 times (not at all),1 to 3 times,0 times (not at all),valid
89,2,1 to 3 times,1 to 3 times,0 times (not at all),1 to 3 times,1 to 3 times,1 to 3 glasses,1 day,0 times (not at all),0 times (not at all),0 times (not at all),1 to 3 times,1 to 3 times,valid
90,3.2,1 to 3 times,1 to 3 times,1 to 3 times,1 to 3 times,0 times (not at all),1 to 3 glasses,3 days,0 times (not at all),1 to 3 times,4 to 6 times,1 to 3 times,1 to 3 times,valid
91,3.6,1 to 3 times,1 to 3 times,1 to 3 times,0 times (not at all),1 to 3 times,7 to 10 glasses,3 days,7 to 10 times,0 times (not at all),4 to 6 times,0 times (not at all),4 to 6 times,valid
92,4,1 to 3 times,1 to 3 times,1 to 3 times,1 to 3 times,1 to 3 times,1 to 3 glasses,7 days (everyday),0 times (not at all),0 times (not at all),0 times (not at all),0 times (not at all),0 times (not at all),valid
93,3.9,1 to 3 times,1 to 3 times,1 to 3 times,0 times (not at all),1 to 3 times,0 glasses (not at all),2 days,0 times (not at all),0 times (not at all),1 to 3 times,0 times (not at all),4 to 6 times,valid
94,3.8,1 to 3 times,1 to 3 times,1 to 3 times,4 to 6 times,1 to 3 times,0 glasses (not at all),3 days,4 to 6 times,4 to 6 times,0 times (not at all),1 to 3 times,1 to 3 times,valid
95,4,1 to 3 times,1 to 3 times,4 to 6 times,0 times (not at all),1 to 3 times,0 glasses (not at all),5 days,0 times (not at all),0 times (not at all),0 times (not at all),0 times (not at all),4 to 6 times,valid
96,3.7,1 to 3 times,1 to 3 times,1 to 3 times,0 times (not at all),1 to 3 times,0 glasses (not at all),0 days (not at all),7 to 10 times,0 times (not at all),0 times (not at all),0 times (not at all),1 to 3 times,valid
97,3.674,1 to 3 times,1 to 3 times,0 times (not at all),1 to 3 times,0 times (not at all),1 to 3 glasses,2 days,11 times or more,0 times (not at all),0 times (not at all),1 to 3 times,4 to 6 times,valid
98,2.5,1 to 3 times,1 to 3 times,0 times (not at all),0 times (not at all),1 to 3 times,0 glasses (not at all),0 days (not at all),4 to 6 times,4 to 6 times,0 times (not at all),0 times (not at all),7 to 10 times,valid
99,3.4,1 to 3 times,1 to 3 times,4 to 6 times,1 to 3 times,1 to 3 times,0 glasses (not at all),3 days,0 times (not at all),0 times (not at all),0 times (not at all),0 times (not at all),1 to 3 times,valid
100,3.4,1 to 3 times,1 to 3 times,1 to 3 times,0 times (not at all),0 times (not at all),0 glasses (not at all),7 days (everyday),4 to 6 times,4 to 6 times,0 times (not at all),0 times (not at all),4 to 6 times,valid
101,3.4,1 to 3 times,1 to 3 times,7 to 10 times,0 times (not at all),1 to 3 times,0 glasses (not at all),6 days,4 to 6 times,4 to 6 times,0 times (not at all),0 times (not at all),1 to 3 times,valid
102,3.44,1 to 3 times,1 to 3 times,1 to 3 times,0 times (not at all),1 to 3 times,0 glasses (not at all),7 days (everyday),1 to 3 times,1 to 3 times,0 times (not at all),0 times (not at all),1 to 3 times,valid
103,3.5,1 to 3 times,1 to 3 times,1 to 3 times,1 to 3 times,1 to 3 times,1 to 3 glasses,2 days,1 to 3 times,0 times (not at all),0 times (not at all),0 times (not at all),11 times or more,valid
104,3.33,1 to 3 times,1 to 3 times,1 to 3 times,1 to 3 times,0 times (not at all),1 to 3 glasses,7 days (everyday),0 times (not at all),0 times (not at all),0 times (not at all),4 to 6 times,1 to 3 times,valid
105,3.4,1 to 3 times,1 to 3 times,4 to 6 times,0 times (not at all),0 times (not at all),1 to 3 glasses,5 days,1 to 3 times,0 times (not at all),0 times (not at all),1 to 3 times,1 to 3 times,valid
106,4,1 to 3 times,1 to 3 times,1 to 3 times,0 times (not at all),1 to 3 times,1 to 3 glasses,6 days,0 times (not at all),0 times (not at all),0 times (not at all),4 to 6 times,0 times (not at all),valid
107,3.29,1 to 3 times,1 to 3 times,0 times (not at all),0 times (not at all),0 times (not at all),0 glasses (not at all),2 days,1 to 3 times,0 times (not at all),1 to 3 times,0 times (not at all),4 to 6 times,valid
108,3.36,1 to 3 times,1 to 3 times,7 to 10 times,1 to 3 times,1 to 3 times,1 to 3 glasses,3 days,1 to 3 times,0 times (not at all),0 times (not at all),1 to 3 times,1 to 3 times,valid
109,2.4,1 to 3 times,1 to 3 times,1 to 3 times,0 times (not at all),1 to 3 times,1 to 3 glasses,0 days (not at all),1 to 3 times,0 times (not at all),0 times (not at all),0 times (not at all),4 to 6 times,valid
110,3.2,1 to 3 times,1 to 3 times,4 to 6 times,0 times (not at all),0 times (not at all),0 glasses (not at all),4 days,7 to 10 times,7 to 10 times,0 times (not at all),0 times (not at all),7 to 10 times,valid
111,2.24,1 to 3 times,1 to 3 times,1 to 3 times,1 to 3 times,1 to 3 times,0 glasses (not at all),3 days,0 times (not at all),0 times (not at all),1 to 3 times,0 times (not at all),4 to 6 times,valid
112,3.47,1 to 3 times,1 to 3 times,4 to 6 times,1 to 3 times,1 to 3 times,0 glasses (not at all),2 days,1 to 3 times,0 times (not at all),1 to 3 times,0 times (not at all),4 to 6 times,valid
113,3.8,1 to 3 times,1 to 3 times,1 to 3 times,11 times or more,0 times (not at all),0 glasses (not at all),0 days (not at all),0 times (not at all),0 times (not at all),0 times (not at all),1 to 3 times,1 to 3 times,valid
114,3.6,1 to 3 times,1 to 3 times,4 to 6 times,4 to 6 times,1 to 3 times,1 to 3 glasses,7 days (everyday),1 to 3 times,0 times (not at all),0 times (not at all),0 times (not at all),1 to 3 times,valid
115,3.5,1 to 3 times,1 to 3 times,0 times (not at all),0 times (not at all),0 times (not at all),0 glasses (not at all),7 days (everyday),0 times (not at all),0 times (not at all),0 times (not at all),0 times (not at all),0 times (not at all),valid
116,3.51,1 to 3 times,1 to 3 times,1 to 3 times,0 times (not at all),0 times (not at all),0 glasses (not at all),4 days,1 to 3 times,0 times (not at all),0 times (not at all),0 times (not at all),0 times (not at all),valid
117,3.5,1 to 3 times,1 to 3 times,1 to 3 times,0 times (not at all),1 to 3 times,1 to 3 glasses,1 day,0 times (not at all),0 times (not at all),0 times (not at all),0 times (not at all),1 to 3 times,valid
118,3.5,1 to 3 times,1 to 3 times,4 to 6 times,0 times (not at all),1 to 3 times,1 to 3 glasses,7 days (everyday),0 times (not at all),0 times (not at all),0 times (not at all),0 times (not at all),0 times (not at all),valid
119,3.2,1 to 3 times,1 to 3 times,4 to 6 times,0 times (not at all),1 to 3 times,1 to 3 glasses,7 days (everyday),0 times (not at all),0 times (not at all),0 times (not at all),0 times (not at all),0 times (not at all),valid
120,3.6,1 to 3 times,1 to 3 times,0 times (not at all),0 times (not at all),1 to 3 times,4 to 6 glasses,0 days (not at all),0 times (not at all),0 times (not at all),0 times (not at all),0 times (not at all),0 times (not at all),valid
121,2.9,1 to 3 times,1 to 3 times,1 to 3 times,0 times (not at all),0 times (not at all),0 glasses (not at all),2 days,1 to 3 times,0 times (not at all),0 times (not at all),0 times (not at all),1 to 3 times,valid
122,3.12,1 to 3 times,1 to 3 times,4 to 6 times,4 to 6 times,7 to 10 times,1 to 3 glasses,7 days (everyday),1 to 3 times,0 times (not at all),0 times (not at all),0 times (not at all),1 to 3 times,valid
123,3.3,1 to 3 times,1 to 3 times,1 to 3 times,0 times (not at all),0 times (not at all),1 to 3 glasses,0 days (not at all),0 times (not at all),0 times (not at all),0 times (not at all),0 times (not at all),1 to 3 times,valid
124,3.49,1 to 3 times,1 to 3 times,1 to 3 times,0 times (not at all),0 times (not at all),0 glasses (not at all),7 days (everyday),0 times (not at all),0 times (not at all),0 times (not at all),1 to 3 times,1 to 3 times,valid
125,3.8,1 to 3 times,1 to 3 times,1 to 3 times,0 times (not at all),1 to 3 times,0 glasses (not at all),5 days,0 times (not at all),0 times (not at all),0 times (not at all),7 to 10 times,1 to 3 times,valid
126,3.3,1 to 3 times,1 to 3 times,4 to 6 times,1 to 3 times,1 to 3 times,1 to 3 glasses,3 days,1 to 3 times,0 times (not at all),0 times (not at all),0 times (not at all),1 to 3 times,valid
127,2.87,1 to 3 times,1 to 3 times,0 times (not at all),1 to 3 times,1 to 3 times,1 to 3 glasses,7 days (everyday),0 times (not at all),0 times (not at all),0 times (not at all),0 times (not at all),1 to 3 times,valid
128,3.83,1 to 3 times,1 to 3 times,0 times (not at all),0 times (not at all),0 times (not at all),0 glasses (not at all),4 days,7 to 10 times,0 times (not at all),0 times (not at all),0 times (not at all),0 times (not at all),valid
129,3.87,1 to 3 times,1 to 3 times,1 to 3 times,1 to 3 times,0 times (not at all),0 glasses (not at all),7 days (everyday),0 times (not at all),0 times (not at all),0 times (not at all),0 times (not at all),4 to 6 times,valid
130,3,1 to 3 times,1 to 3 times,0 times (not at all),1 to 3 times,0 times (not at all),0 glasses (not at all),3 days,1 to 3 times,0 times (not at all),0 times (not at all),1 to 3 times,1 to 3 times,valid
131,3.3,1 to 3 times,1 to 3 times,4 to 6 times,4 to 6 times,1 to 3 times,0 glasses (not at all),7 days (everyday),1 to 3 times,0 times (not at all),0 times (not at all),0 times (not at all),1 to 3 times,valid
132,3.87,1 to 3 times,1 to 3 times,1 to 3 times,0 times (not at all),1 to 3 times,1 to 3 glasses,4 days,0 times (not at all),0 times (not at all),0 times (not at all),0 times (not at all),1 to 3 times,valid
133,3,1 to 3 times,1 to 3 times,1 to 3 times,1 to 3 times,1 to 3 times,0 glasses (not at all),7 days (everyday),1 to 3 times,0 times (not at all),0 times (not at all),0 times (not at all),4 to 6 times,valid
134,3.04,1 to 3 times,1 to 3 times,1 to 3 times,1 to 3 times,1 to 3 times,0 glasses (not at all),3 days,0 times (not at all),1 to 3 times,0 times (not at all),0 times (not at all),1 to 3 times,valid
135,3.9,1 to 3 times,1 to 3 times,4 to 6 times,0 times (not at all),0 times (not at all),0 glasses (not at all),2 days,0 times (not at all),0 times (not at all),0 times (not at all),0 times (not at all),1 to 3 times,valid
136,3.45,1 to 3 times,1 to 3 times,0 times (not at all),0 times (not at all),1 to 3 times,0 glasses (not at all),2 days,0 times (not at all),1 to 3 times,1 to 3 times,0 times (not at all),1 to 3 times,valid
137,3.84,1 to 3 times,1 to 3 times,0 times (not at all),0 times (not at all),0 times (not at all),0 glasses (not at all),7 days (everyday),0 times (not at all),0 times (not at all),0 times (not at all),0 times (not at all),0 times (not at all),valid
138,3.15,1 to 3 times,1 to 3 times,0 times (not at all),0 times (not at all),0 times (not at all),1 to 3 glasses,5 days,1 to 3 times,0 times (not at all),0 times (not at all),0 times (not at all),0 times (not at all),valid
139,2.5,1 to 3 times,1 to 3 times,1 to 3 times,0 times (not at all),0 times (not at all),0 glasses (not at all),5 days,0 times (not at all),0 times (not at all),7 to 10 times,0 times (not at all),1 to 3 times,valid
140,3.4,1 to 3 times,1 to 3 times,1 to 3 times,1 to 3 times,0 times (not at all),0 glasses (not at all),6 days,1 to 3 times,0 times (not at all),1 to 3 times,0 times (not at all),1 to 3 times,valid
141,3.4,1 to 3 times,1 to 3 times,0 times (not at all),0 times (not at all),1 to 3 times,0 glasses (not at all),7 days (everyday),11 times or more,0 times (not at all),0 times (not at all),1 to 3 times,1 to 3 times,valid
142,2.6,1 to 3 times,1 to 3 times,1 to 3 times,0 times (not at all),0 times (not at all),0 glasses (not at all),4 days,1 to 3 times,0 times (not at all),0 times (not at all),1 to 3 times,1 to 3 times,valid
143,3.1,1 to 3 times,1 to 3 times,1 to 3 times,11 times or more,4 to 6 times,0 glasses (not at all),3 days,7 to 10 times,0 times (not at all),0 times (not at all),0 times (not at all),7 to 10 times,valid
144,2.99,1 to 3 times,1 to 3 times,1 to 3 times,0 times (not at all),0 times (not at all),0 glasses (not at all),3 days,0 times (not at all),0 times (not at all),0 times (not at all),0 times (not at all),4 to 6 times,valid
145,3.4,1 to 3 times,1 to 3 times,1 to 3 times,4 to 6 times,0 times (not at all),0 glasses (not at all),3 days,4 to 6 times,0 times (not at all),0 times (not at all),0 times (not at all),1 to 3 times,valid
146,2.51,1 to 3 times,1 to 3 times,4 to 6 times,0 times (not at all),1 to 3 times,0 glasses (not at all),3 days,1 to 3 times,0 times (not at all),11 times or more,1 to 3 times,1 to 3 times,valid
147,3.2,1 to 3 times,1 to 3 times,4 to 6 times,0 times (not at all),0 times (not at all),4 to 6 glasses,4 days,0 times (not at all),0 times (not at all),4 to 6 times,0 times (not at all),1 to 3 times,valid
148,3.6,1 to 3 times,1 to 3 times,4 to 6 times,1 to 3 times,1 to 3 times,0 glasses (not at all),7 days (everyday),1 to 3 times,1 to 3 times,0 times (not at all),0 times (not at all),1 to 3 times,valid
149,3.45,1 to 3 times,1 to 3 times,4 to 6 times,0 times (not at all),0 times (not at all),0 glasses (not at all),7 days (everyday),1 to 3 times,0 times (not at all),0 times (not at all),1 to 3 times,1 to 3 times,valid
150,3.3,1 to 3 times,1 to 3 times,1 to 3 times,0 times (not at all),0 times (not at all),0 glasses (not at all),0 days (not at all),0 times (not at all),0 times (not at all),0 times (not at all),0 times (not at all),0 times (not at all),valid
151,3.76,1 to 3 times,1 to 3 times,4 to 6 times,1 to 3 times,1 to 3 times,1 to 3 glasses,1 day,4 to 6 times,0 times (not at all),0 times (not at all),1 to 3 times,1 to 3 times,valid
152,3.92,1 to 3 times,1 to 3 times,1 to 3 times,0 times (not at all),0 times (not at all),0 glasses (not at all),5 days,1 to 3 times,1 to 3 times,0 times (not at all),1 to 3 times,1 to 3 times,valid
153,3.56,1 to 3 times,1 to 3 times,1 to 3 times,1 to 3 times,4 to 6 times,1 to 3 glasses,2 days,0 times (not at all),0 times (not at all),0 times (not at all),0 times (not at all),1 to 3 times,valid
154,2.9,1 to 3 times,1 to 3 times,0 times (not at all),0 times (not at all),0 times (not at all),1 to 3 glasses,3 days,0 times (not at all),0 times (not at all),0 times (not at all),0 times (not at all),4 to 6 times,valid
155,2.5,1 to 3 times,1 to 3 times,1 to 3 times,1 to 3 times,1 to 3 times,1 to 3 glasses,2 days,1 to 3 times,1 to 3 times,0 times (not at all),0 times (not at all),1 to 3 times,valid
156,3.2,1 to 3 times,1 to 3 times,1 to 3 times,0 times (not at all),0 times (not at all),0 glasses (not at all),0 days (not at all),0 times (not at all),4 to 6 times,1 to 3 times,0 times (not at all),1 to 3 times,valid
157,3.1,1 to 3 times,1 to 3 times,0 times (not at all),0 times (not at all),4 to 6 times,0 glasses (not at all),2 days,1 to 3 times,1 to 3 times,0 times (not at all),0 times (not at all),4 to 6 times,valid
158,2.69,1 to 3 times,1 to 3 times,1 to 3 times,4 to 6 times,1 to 3 times,1 to 3 glasses,0 days (not at all),0 times (not at all),0 times (not at all),0 times (not at all),0 times (not at all),1 to 3 times,valid
159,3.6,1 to 3 times,1 to 3 times,1 to 3 times,0 times (not at all),0 times (not at all),0 glasses (not at all),7 days (everyday),1 to 3 times,0 times (not at all),0 times (not at all),0 times (not at all),0 times (not at all),valid
160,4,1 to 3 times,1 to 3 times,0 times (not at all),1 to 3 times,1 to 3 times,0 glasses (not at all),2 days,0 times (not at all),0 times (not at all),0 times (not at all),1 to 3 times,4 to 6 times,valid
161,3.721,1 to 3 times,1 to 3 times,4 to 6 times,1 to 3 times,1 to 3 times,4 to 6 glasses,2 days,0 times (not at all),0 times (not at all),0 times (not at all),1 to 3 times,0 times (not at all),valid
162,3,1 to 3 times,1 to 3 times,1 to 3 times,1 to 3 times,1 to 3 times,4 to 6 glasses,3 days,1 to 3 times,1 to 3 times,1 to 3 times,1 to 3 times,1 to 3 times,valid
163,3.61,1 to 3 times,1 to 3 times,4 to 6 times,1 to 3 times,1 to 3 times,1 to 3 glasses,4 days,0 times (not at all),0 times (not at all),0 times (not at all),4 to 6 times,1 to 3 times,valid
164,3.36,1 to 3 times,1 to 3 times,1 to 3 times,0 times (not at all),0 times (not at all),0 glasses (not at all),7 days (everyday),1 to 3 times,0 times (not at all),0 times (not at all),0 times (not at all),1 to 3 times,valid
165,3.2,1 to 3 times,1 to 3 times,1 to 3 times,4 to 6 times,1 to 3 times,0 glasses (not at all),1 day,1 to 3 times,1 to 3 times,0 times (not at all),1 to 3 times,4 to 6 times,valid
166,3.78,1 to 3 times,1 to 3 times,4 to 6 times,0 times (not at all),1 to 3 times,0 glasses (not at all),7 days (everyday),1 to 3 times,0 times (not at all),0 times (not at all),4 to 6 times,4 to 6 times,valid
167,3.3,1 to 3 times,1 to 3 times,1 to 3 times,1 to 3 times,1 to 3 times,1 to 3 glasses,3 days,0 times (not at all),0 times (not at all),0 times (not at all),1 to 3 times,1 to 3 times,valid
168,3.2,1 to 3 times,1 to 3 times,1 to 3 times,4 to 6 times,1 to 3 times,7 to 10 glasses,5 days,7 to 10 times,0 times (not at all),4 to 6 times,1 to 3 times,1 to 3 times,valid
169,3.6,1 to 3 times,1 to 3 times,1 to 3 times,4 to 6 times,1 to 3 times,7 to 10 glasses,5 days,7 to 10 times,0 times (not at all),4 to 6 times,1 to 3 times,1 to 3 times,valid
170,3.78,1 to 3 times,1 to 3 times,0 times (not at all),1 to 3 times,0 times (not at all),4 to 6 glasses,3 days,0 times (not at all),0 times (not at all),0 times (not at all),1 to 3 times,4 to 6 times,valid
171,2.6,1 to 3 times,1 to 3 times,1 to 3 times,0 times (not at all),1 to 3 times,4 to 6 glasses,1 day,1 to 3 times,0 times (not at all),0 times (not at all),0 times (not at all),4 to 6 times,valid
172,3.8,1 to 3 times,1 to 3 times,1 to 3 times,0 times (not at all),1 to 3 times,0 glasses (not at all),1 day,0 times (not at all),0 times (not at all),0 times (not at all),1 to 3 times,1 to 3 times,valid
173,3.9,1 to 3 times,1 to 3 times,1 to 3 times,0 times (not at all),0 times (not at all),0 glasses (not at all),2 days,1 to 3 times,0 times (not at all),0 times (not at all),0 times (not at all),4 to 6 times,valid
174,3.83,1 to 3 times,1 to 3 times,0 times (not at all),1 to 3 times,1 to 3 times,1 to 3 glasses,3 days,4 to 6 times,0 times (not at all),0 times (not at all),0 times (not at all),1 to 3 times,valid
175,3.4,1 to 3 times,1 to 3 times,1 to 3 times,0 times (not at all),1 to 3 times,0 glasses (not at all),5 days,1 to 3 times,0 times (not at all),0 times (not at all),0 times (not at all),4 to 6 times,valid
176,3.78,1 to 3 times,1 to 3 times,4 to 6 times,1 to 3 times,1 to 3 times,7 to 10 glasses,7 days (everyday),0 times (not at all),0 times (not at all),0 times (not at all),1 to 3 times,1 to 3 times,valid
177,3.06,1 to 3 times,1 to 3 times,4 to 6 times,0 times (not at all),1 to 3 times,1 to 3 glasses,3 days,11 times or more,0 times (not at all),0 times (not at all),4 to 6 times,4 to 6 times,valid
178,3.893,1 to 3 times,1 to 3 times,4 to 6 times,4 to 6 times,4 to 6 times,0 glasses (not at all),0 days (not at all),0 times (not at all),0 times (not at all),0 times (not at all),0 times (not at all),1 to 3 times,valid
179,3.2,1 to 3 times,1 to 3 times,7 to 10 times,0 times (not at all),0 times (not at all),0 glasses (not at all),7 days (everyday),0 times (not at all),4 to 6 times,11 times or more,0 times (not at all),4 to 6 times,valid
180,3.9,1 to 3 times,1 to 3 times,4 to 6 times,1 to 3 times,0 times (not at all),4 to 6 glasses,7 days (everyday),0 times (not at all),0 times (not at all),0 times (not at all),0 times (not at all),0 times (not at all),valid
181,2.8,1 to 3 times,1 to 3 times,1 to 3 times,0 times (not at all),0 times (not at all),0 glasses (not at all),0 days (not at all),4 to 6 times,0 times (not at all),7 to 10 times,1 to 3 times,4 to 6 times,valid
182,2.89,1 to 3 times,1 to 3 times,7 to 10 times,1 to 3 times,1 to 3 times,1 to 3 glasses,4 days,1 to 3 times,1 to 3 times,0 times (not at all),1 to 3 times,1 to 3 times,valid
183,2,1 to 3 times,1 to 3 times,0 times (not at all),0 times (not at all),1 to 3 times,0 glasses (not at all),0 days (not at all),4 to 6 times,0 times (not at all),0 times (not at all),0 times (not at all),1 to 3 times,valid
184,4,1 to 3 times,1 to 3 times,1 to 3 times,0 times (not at all),1 to 3 times,1 to 3 glasses,7 days (everyday),4 to 6 times,0 times (not at all),0 times (not at all),0 times (not at all),0 times (not at all),valid
185,3.3,1 to 3 times,1 to 3 times,1 to 3 times,0 times (not at all),0 times (not at all),0 glasses (not at all),2 days,7 to 10 times,0 times (not at all),0 times (not at all),1 to 3 times,4 to 6 times,valid
186,3.25,1 to 3 times,1 to 3 times,4 to 6 times,4 to 6 times,0 times (not at all),1 to 3 glasses,3 days,1 to 3 times,0 times (not at all),0 times (not at all),0 times (not at all),4 to 6 times,valid
187,3.5,1 to 3 times,1 to 3 times,7 to 10 times,0 times (not at all),0 times (not at all),1 to 3 glasses,6 days,4 to 6 times,1 to 3 times,0 times (not at all),0 times (not at all),0 times (not at all),valid
188,3.24,1 to 3 times,1 to 3 times,4 to 6 times,4 to 6 times,0 times (not at all),1 to 3 glasses,7 days (everyday),1 to 3 times,7 to 10 times,0 times (not at all),1 to 3 times,1 to 3 times,valid
189,3.532,1 to 3 times,1 to 3 times,7 to 10 times,0 times (not at all),0 times (not at all),4 to 6 glasses,7 days (everyday),1 to 3 times,1 to 3 times,0 times (not at all),7 to 10 times,1 to 3 times,valid
190,3.6,1 to 3 times,1 to 3 times,4 to 6 times,1 to 3 times,1 to 3 times,4 to 6 glasses,4 days,0 times (not at all),0 times (not at all),0 times (not at all),0 times (not at all),4 to 6 times,valid
191,3.5,1 to 3 times,1 to 3 times,7 to 10 times,0 times (not at all),1 to 3 times,0 glasses (not at all),3 days,0 times (not at all),0 times (not at all),0 times (not at all),0 times (not at all),0 times (not at all),valid
192,3.89,1 to 3 times,1 to 3 times,1 to 3 times,0 times (not at all),0 times (not at all),1 to 3 glasses,3 days,1 to 3 times,0 times (not at all),1 to 3 times,0 times (not at all),1 to 3 times,valid
193,3.1,1 to 3 times,1 to 3 times,1 to 3 times,1 to 3 times,1 to 3 times,1 to 3 glasses,0 days (not at all),0 times (not at all),0 times (not at all),0 times (not at all),1 to 3 times,1 to 3 times,valid
194,3.16,1 to 3 times,1 to 3 times,7 to 10 times,0 times (not at all),0 times (not at all),0 glasses (not at all),7 days (everyday),1 to 3 times,0 times (not at all),0 times (not at all),0 times (not at all),0 times (not at all),valid
195,3.37,1 to 3 times,1 to 3 times,0 times (not at all),0 times (not at all),1 to 3 times,1 to 3 glasses,7 days (everyday),0 times (not at all),0 times (not at all),1 to 3 times,0 times (not at all),1 to 3 times,valid
196,4,1 to 3 times,1 to 3 times,1 to 3 times,0 times (not at all),1 to 3 times,0 glasses (not at all),2 days,1 to 3 times,0 times (not at all),0 times (not at all),1 to 3 times,4 to 6 times,valid
197,3,1 to 3 times,1 to 3 times,1 to 3 times,11 times or more,0 times (not at all),1 to 3 glasses,2 days,1 to 3 times,0 times (not at all),0 times (not at all),0 times (not at all),1 to 3 times,valid
198,3.1,1 to 3 times,1 to 3 times,1 to 3 times,1 to 3 times,0 times (not at all),4 to 6 glasses,6 days,1 to 3 times,0 times (not at all),0 times (not at all),0 times (not at all),1 to 3 times,valid
199,3.97,1 to 3 times,1 to 3 times,1 to 3 times,0 times (not at all),1 to 3 times,1 to 3 glasses,6 days,0 times (not at all),0 times (not at all),0 times (not at all),0 times (not at all),0 times (not at all),valid
200,3.8,1 to 3 times,1 to 3 times,1 to 3 times,0 times (not at all),0 times (not at all),1 to 3 glasses,1 day,0 times (not at all),0 times (not at all),0 times (not at all),0 times (not at all),0 times (not at all),valid
201,2.3,1 to 3 times,1 to 3 times,1 to 3 times,4 to 6 times,0 times (not at all),0 glasses (not at all),1 day,0 times (not at all),0 times (not at all),0 times (not at all),1 to 3 times,4 to 6 times,valid
202,3.5,1 to 3 times,1 to 3 times,1 to 3 times,1 to 3 times,0 times (not at all),1 to 3 glasses,2 days,1 to 3 times,0 times (not at all),0 times (not at all),1 to 3 times,1 to 3 times,valid
203,3,1 to 3 times,1 to 3 times,0 times (not at all),1 to 3 times,1 to 3 times,0 glasses (not at all),1 day,1 to 3 times,1 to 3 times,1 to 3 times,1 to 3 times,1 to 3 times,valid
204,3.8,1 to 3 times,1 to 3 times,4 to 6 times,4 to 6 times,1 to 3 times,0 glasses (not at all),2 days,1 to 3 times,0 times (not at all),0 times (not at all),0 times (not at all),4 to 6 times,valid
205,3.7,1 to 3 times,1 to 3 times,1 to 3 times,0 times (not at all),0 times (not at all),1 to 3 glasses,0 days (not at all),1 to 3 times,0 times (not at all),0 times (not at all),0 times (not at all),0 times (not at all),valid
206,3.477,1 to 3 times,1 to 3 times,1 to 3 times,1 to 3 times,1 to 3 times,0 glasses (not at all),3 days,4 to 6 times,0 times (not at all),0 times (not at all),0 times (not at all),1 to 3 times,valid
207,3.77,1 to 3 times,1 to 3 times,1 to 3 times,0 times (not at all),0 times (not at all),0 glasses (not at all),0 days (not at all),1 to 3 times,0 times (not at all),0 times (not at all),0 times (not at all),0 times (not at all),valid
208,3.5,1 to 3 times,1 to 3 times,1 to 3 times,0 times (not at all),1 to 3 times,0 glasses (not at all),7 days (everyday),0 times (not at all),0 times (not at all),0 times (not at all),1 to 3 times,0 times (not at all),valid
209,3.5,1 to 3 times,1 to 3 times,0 times (not at all),0 times (not at all),0 times (not at all),1 to 3 glasses,3 days,0 times (not at all),0 times (not at all),0 times (not at all),0 times (not at all),4 to 6 times,valid
210,3.1,1 to 3 times,1 to 3 times,7 to 10 times,1 to 3 times,1 to 3 times,4 to 6 glasses,3 days,0 times (not at all),0 times (not at all),0 times (not at all),0 times (not at all),0 times (not at all),valid
211,3.2,1 to 3 times,1 to 3 times,1 to 3 times,1 to 3 times,0 times (not at all),0 glasses (not at all),6 days,0 times (not at all),0 times (not at all),0 times (not at all),0 times (not at all),0 times (not at all),valid
212,3.7,1 to 3 times,1 to 3 times,1 to 3 times,1 to 3 times,0 times (not at all),1 to 3 glasses,6 days,0 times (not at all),0 times (not at all),0 times (not at all),4 to 6 times,4 to 6 times,valid
213,3,1 to 3 times,1 to 3 times,0 times (not at all),0 times (not at all),0 times (not at all),0 glasses (not at all),7 days (everyday),0 times (not at all),0 times (not at all),0 times (not at all),0 times (not at all),0 times (not at all),valid
214,4,1 to 3 times,1 to 3 times,0 times (not at all),1 to 3 times,0 times (not at all),4 to 6 glasses,3 days,4 to 6 times,0 times (not at all),0 times (not at all),4 to 6 times,1 to 3 times,valid
215,4,1 to 3 times,1 to 3 times,1 to 3 times,0 times (not at all),0 times (not at all),0 glasses (not at all),1 day,4 to 6 times,0 times (not at all),1 to 3 times,1 to 3 times,4 to 6 times,valid
216,3.89,1 to 3 times,1 to 3 times,1 to 3 times,1 to 3 times,4 to 6 times,1 to 3 glasses,3 days,1 to 3 times,1 to 3 times,0 times (not at all),1 to 3 times,1 to 3 times,valid
217,3.8,1 to 3 times,1 to 3 times,7 to 10 times,0 times (not at all),1 to 3 times,0 glasses (not at all),3 days,0 times (not at all),0 times (not at all),0 times (not at all),0 times (not at all),0 times (not at all),valid
218,3,1 to 3 times,1 to 3 times,1 to 3 times,0 times (not at all),0 times (not at all),0 glasses (not at all),1 day,1 to 3 times,0 times (not at all),0 times (not at all),0 times (not at all),1 to 3 times,valid
219,3.4,1 to 3 times,1 to 3 times,1 to 3 times,0 times (not at all),0 times (not at all),0 glasses (not at all),5 days,1 to 3 times,0 times (not at all),0 times (not at all),1 to 3 times,1 to 3 times,valid
220,3,1 to 3 times,1 to 3 times,4 to 6 times,4 to 6 times,4 to 6 times,1 to 3 glasses,2 days,1 to 3 times,1 to 3 times,0 times (not at all),7 to 10 times,0 times (not at all),valid
221,4,1 to 3 times,1 to 3 times,4 to 6 times,4 to 6 times,4 to 6 times,1 to 3 glasses,2 days,1 to 3 times,1 to 3 times,0 times (not at all),7 to 10 times,0 times (not at all),valid
222,4,1 to 3 times,1 to 3 times,1 to 3 times,0 times (not at all),0 times (not at all),4 to 6 glasses,2 days,7 to 10 times,0 times (not at all),0 times (not at all),1 to 3 times,4 to 6 times,valid
223,2.67,1 to 3 times,1 to 3 times,1 to 3 times,0 times (not at all),0 times (not at all),0 glasses (not at all),1 day,4 to 6 times,0 times (not at all),1 to 3 times,1 to 3 times,1 to 3 times,valid
224,3.575,1 to 3 times,1 to 3 times,1 to 3 times,1 to 3 times,0 times (not at all),4 to 6 glasses,7 days (everyday),0 times (not at all),0 times (not at all),1 to 3 times,0 times (not at all),4 to 6 times,valid
225,3.7,1 to 3 times,1 to 3 times,4 to 6 times,1 to 3 times,1 to 3 times,1 to 3 glasses,6 days,4 to 6 times,0 times (not at all),0 times (not at all),1 to 3 times,4 to 6 times,valid
226,3.3,1 to 3 times,1 to 3 times,1 to 3 times,0 times (not at all),0 times (not at all),0 glasses (not at all),0 days (not at all),0 times (not at all),0 times (not at all),0 times (not at all),0 times (not at all),1 to 3 times,valid
227,2.8,1 to 3 times,1 to 3 times,1 to 3 times,0 times (not at all),0 times (not at all),0 glasses (not at all),2 days,7 to 10 times,0 times (not at all),0 times (not at all),1 to 3 times,4 to 6 times,valid
228,2.9,1 to 3 times,1 to 3 times,1 to 3 times,0 times (not at all),0 times (not at all),0 glasses (not at all),1 day,4 to 6 times,0 times (not at all),1 to 3 times,1 to 3 times,4 to 6 times,valid
229,3,1 to 3 times,1 to 3 times,4 to 6 times,1 to 3 times,1 to 3 times,4 to 6 glasses,7 days (everyday),1 to 3 times,0 times (not at all),0 times (not at all),7 to 10 times,0 times (not at all),valid
230,3.2,1 to 3 times,1 to 3 times,0 times (not at all),1 to 3 times,0 times (not at all),0 glasses (not at all),4 days,1 to 3 times,0 times (not at all),0 times (not at all),0 times (not at all),4 to 6 times,valid
231,3.94,1 to 3 times,1 to 3 times,0 times (not at all),4 to 6 times,0 times (not at all),0 glasses (not at all),1 day,1 to 3 times,0 times (not at all),0 times (not at all),1 to 3 times,4 to 6 times,valid
232,3.94,1 to 3 times,1 to 3 times,1 to 3 times,1 to 3 times,1 to 3 times,1 to 3 glasses,2 days,1 to 3 times,1 to 3 times,0 times (not at all),0 times (not at all),1 to 3 times,valid
233,3.9,1 to 3 times,1 to 3 times,7 to 10 times,1 to 3 times,0 times (not at all),0 glasses (not at all),7 days (everyday),0 times (not at all),0 times (not at all),0 times (not at all),0 times (not at all),1 to 3 times,valid
234,3,1 to 3 times,1 to 3 times,1 to 3 times,1 to 3 times,0 times (not at all),1 to 3 glasses,2 days,1 to 3 times,0 times (not at all),0 times (not at all),1 to 3 times,4 to 6 times,valid
235,3.45,1 to 3 times,1 to 3 times,1 to 3 times,0 times (not at all),0 times (not at all),4 to 6 glasses,4 days,1 to 3 times,0 times (not at all),1 to 3 times,0 times (not at all),7 to 10 times,valid
236,3.5,1 to 3 times,1 to 3 times,1 to 3 times,0 times (not at all),0 times (not at all),4 to 6 glasses,0 days (not at all),0 times (not at all),0 times (not at all),0 times (not at all),0 times (not at all),0 times (not at all),valid
237,3.75,1 to 3 times,1 to 3 times,4 to 6 times,1 to 3 times,0 times (not at all),11 glasses or more,7 days (everyday),1 to 3 times,0 times (not at all),0 times (not at all),0 times (not at all),1 to 3 times,valid
238,2.8,1 to 3 times,1 to 3 times,1 to 3 times,1 to 3 times,1 to 3 times,1 to 3 glasses,6 days,0 times (not at all),0 times (not at all),0 times (not at all),11 times or more,1 to 3 times,valid
239,3.49,1 to 3 times,1 to 3 times,0 times (not at all),0 times (not at all),0 times (not at all),0 glasses (not at all),1 day,7 to 10 times,0 times (not at all),0 times (not at all),0 times (not at all),4 to 6 times,valid
240,3,1 to 3 times,1 to 3 times,1 to 3 times,0 times (not at all),0 times (not at all),1 to 3 glasses,1 day,0 times (not at all),0 times (not at all),0 times (not at all),0 times (not at all),1 to 3 times,valid
241,2.7,1 to 3 times,1 to 3 times,1 to 3 times,0 times (not at all),1 to 3 times,0 glasses (not at all),0 days (not at all),1 to 3 times,0 times (not at all),0 times (not at all),4 to 6 times,1 to 3 times,valid
242,3.75,1 to 3 times,1 to 3 times,1 to 3 times,1 to 3 times,1 to 3 times,1 to 3 glasses,3 days,0 times (not at all),1 to 3 times,0 times (not at all),0 times (not at all),1 to 3 times,valid
243,3.668,1 to 3 times,1 to 3 times,1 to 3 times,0 times (not at all),0 times (not at all),0 glasses (not at all),2 days,4 to 6 times,0 times (not at all),0 times (not at all),7 to 10 times,1 to 3 times,valid
244,2.6,1 to 3 times,1 to 3 times,0 times (not at all),0 times (not at all),0 times (not at all),0 glasses (not at all),0 days (not at all),0 times (not at all),0 times (not at all),0 times (not at all),0 times (not at all),0 times (not at all),valid
245,2.68,1 to 3 times,1 to 3 times,1 to 3 times,1 to 3 times,1 to 3 times,1 to 3 glasses,7 days (everyday),1 to 3 times,0 times (not at all),0 times (not at all),0 times (not at all),1 to 3 times,valid
246,2.7,1 to 3 times,1 to 3 times,1 to 3 times,4 to 6 times,0 times (not at all),0 glasses (not at all),2 days,1 to 3 times,1 to 3 times,1 to 3 times,0 times (not at all),1 to 3 times,valid
247,3.05,1 to 3 times,1 to 3 times,1 to 3 times,1 to 3 times,0 times (not at all),7 to 10 glasses,7 days (everyday),1 to 3 times,0 times (not at all),0 times (not at all),0 times (not at all),1 to 3 times,valid
248,3.5,1 to 3 times,1 to 3 times,4 to 6 times,1 to 3 times,1 to 3 times,4 to 6 glasses,4 days,4 to 6 times,0 times (not at all),0 times (not at all),11 times or more,1 to 3 times,valid
249,3.9,1 to 3 times,1 to 3 times,4 to 6 times,0 times (not at all),1 to 3 times,1 to 3 glasses,7 days (everyday),0 times (not at all),0 times (not at all),0 times (not at all),4 to 6 times,1 to 3 times,valid
250,2.7,1 to 3 times,1 to 3 times,1 to 3 times,0 times (not at all),7 to 10 times,0 glasses (not at all),3 days,1 to 3 times,0 times (not at all),1 to 3 times,7 to 10 times,1 to 3 times,valid
251,2.8,1 to 3 times,1 to 3 times,4 to 6 times,0 times (not at all),0 times (not at all),1 to 3 glasses,0 days (not at all),0 times (not at all),7 to 10 times,1 to 3 times,1 to 3 times,7 to 10 times,valid
252,4,11 times or more,11 times or more,7 to 10 times,1 to 3 times,1 to 3 times,0 glasses (not at all),5 days,0 times (not at all),0 times (not at all),0 times (not at all),0 times (not at all),0 times (not at all),valid
253,3.13,11 times or more,11 times or more,4 to 6 times,4 to 6 times,4 to 6 times,0 glasses (not at all),1 day,1 to 3 times,0 times (not at all),1 to 3 times,0 times (not at all),0 times (not at all),valid
254,4.48,11 times or more,11 times or more,11 times or more,0 times (not at all),4 to 6 times,0 glasses (not at all),6 days,0 times (not at all),0 times (not at all),0 times (not at all),0 times (not at all),0 times (not at all),above_expected_range
255,4,11 times or more,11 times or more,11 times or more,7 to 10 times,1 to 3 times,0 glasses (not at all),4 days,0 times (not at all),0 times (not at all),0 times (not at all),0 times (not at all),1 to 3 times,valid
256,3.3,11 times or more,11 times or more,7 to 10 times,0 times (not at all),1 to 3 times,0 glasses (not at all),1 day,0 times (not at all),0 times (not at all),0 times (not at all),1 to 3 times,1 to 3 times,valid
257,2.8,11 times or more,11 times or more,11 times or more,7 to 10 times,4 to 6 times,0 glasses (not at all),7 days (everyday),0 times (not at all),0 times (not at all),0 times (not at all),1 to 3 times,0 times (not at all),valid
258,0.4,11 times or more,11 times or more,1 to 3 times,0 times (not at all),7 to 10 times,0 glasses (not at all),1 day,0 times (not at all),0 times (not at all),0 times (not at all),0 times (not at all),1 to 3 times,valid
259,3.7,11 times or more,11 times or more,4 to 6 times,1 to 3 times,1 to 3 times,0 glasses (not at all),3 days,0 times (not at all),0 times (not at all),4 to 6 times,1 to 3 times,1 to 3 times,valid
260,3.1,11 times or more,11 times or more,7 to 10 times,1 to 3 times,1 to 3 times,0 glasses (not at all),5 days,0 times (not at all),0 times (not at all),0 times (not at all),0 times (not at all),0 times (not at all),valid
261,3.97,11 times or more,11 times or more,11 times or more,0 times (not at all),1 to 3 times,0 glasses (not at all),7 days (everyday),0 times (not at all),0 times (not at all),0 times (not at all),1 to 3 times,0 times (not at all),valid
262,3.5,11 times or more,11 times or more,11 times or more,0 times (not at all),7 to 10 times,1 to 3 glasses,7 days (everyday),0 times (not at all),0 times (not at all),0 times (not at all),0 times (not at all),0 times (not at all),valid
263,3.5,11 times or more,11 times or more,11 times or more,0 times (not at all),4 to 6 times,1 to 3 glasses,6 days,1 to 3 times,0 times (not at all),0 times (not at all),1 to 3 times,1 to 3 times,valid
264,3.1,11 times or more,11 times or more,1 to 3 times,1 to 3 times,0 times (not at all),0 glasses (not at all),3 days,0 times (not at all),0 times (not at all),0 times (not at all),0 times (not at all),1 to 3 times,valid
265,4,11 times or more,11 times or more,11 times or more,11 times or more,11 times or more,4 to 6 glasses,7 days (everyday),0 times (not at all),0 times (not at all),0 times (not at all),0 times (not at all),1 to 3 times,valid
266,2.74,11 times or more,11 times or more,11 times or more,0 times (not at all),0 times (not at all),0 glasses (not at all),7 days (everyday),1 to 3 times,1 to 3 times,0 times (not at all),0 times (not at all),0 times (not at all),valid
267,3.5,11 times or more,11 times or more,11 times or more,0 times (not at all),0 times (not at all),0 glasses (not at all),7 days (everyday),1 to 3 times,1 to 3 times,0 times (not at all),0 times (not at all),0 times (not at all),valid
268,3.43,11 times or more,11 times or more,1 to 3 times,1 to 3 times,1 to 3 times,0 glasses (not at all),3 days,0 times (not at all),1 to 3 times,0 times (not at all),0 times (not at all),1 to 3 times,valid
269,3.97,11 times or more,11 times or more,11 times or more,0 times (not at all),0 times (not at all),0 glasses (not at all),7 days (everyday),1 to 3 times,0 times (not at all),0 times (not at all),0 times (not at all),0 times (not at all),valid
270,3,11 times or more,11 times or more,11 times or more,1 to 3 times,7 to 10 times,0 glasses (not at all),7 days (everyday),0 times (not at all),0 times (not at all),0 times (not at all),0 times (not at all),0 times (not at all),valid
271,3.5,11 times or more,11 times or more,11 times or more,0 times (not at all),7 to 10 times,0 glasses (not at all),7 days (everyday),0 times (not at all),0 times (not at all),0 times (not at all),1 to 3 times,0 times (not at all),valid
272,3.5,11 times or more,11 times or more,11 times or more,0 times (not at all),7 to 10 times,0 glasses (not at all),7 days (everyday),0 times (not at all),0 times (not at all),0 times (not at all),0 times (not at all),0 times (not at all),valid
273,3.57,11 times or more,11 times or more,7 to 10 times,0 times (not at all),7 to 10 times,0 glasses (not at all),7 days (everyday),0 times (not at all),0 times (not at all),0 times (not at all),0 times (not at all),0 times (not at all),valid
274,3.84,11 times or more,11 times or more,11 times or more,0 times (not at all),1 to 3 times,7 to 10 glasses,7 days (everyday),0 times (not at all),0 times (not at all),0 times (not at all),0 times (not at all),0 times (not at all),valid
275,3.92,11 times or more,11 times or more,11 times or more,0 times (not at all),4 to 6 times,0 glasses (not at all),7 days (everyday),0 times (not at all),0 times (not at all),0 times (not at all),0 times (not at all),0 times (not at all),valid
276,2.49,11 times or more,11 times or more,4 to 6 times,1 to 3 times,1 to 3 times,1 to 3 glasses,7 days (everyday),0 times (not at all),0 times (not at all),0 times (not at all),0 times (not at all),0 times (not at all),valid
277,3.5,11 times or more,11 times or more,4 to 6 times,0 times (not at all),4 to 6 times,1 to 3 glasses,7 days (everyday),0 times (not at all),0 times (not at all),0 times (not at all),0 times (not at all),0 times (not at all),valid
278,3.86,11 times or more,11 times or more,11 times or more,0 times (not at all),4 to 6 times,0 glasses (not at all),7 days (everyday),0 times (not at all),0 times (not at all),0 times (not at all),0 times (not at all),1 to 3 times,valid
279,4,11 times or more,11 times or more,11 times or more,0 times (not at all),1 to 3 times,0 glasses (not at all),7 days (everyday),0 times (not at all),0 times (not at all),0 times (not at all),0 times (not at all),0 times (not at all),valid
280,3.45,11 times or more,11 times or more,11 times or more,1 to 3 times,4 to 6 times,0 glasses (not at all),2 days,0 times (not at all),0 times (not at all),0 times (not at all),1 to 3 times,1 to 3 times,valid
281,3.2,11 times or more,11 times or more,11 times or more,0 times (not at all),11 times or more,0 glasses (not at all),1 day,0 times (not at all),0 times (not at all),0 times (not at all),0 times (not at all),0 times (not at all),valid
282,2.6,11 times or more,11 times or more,7 to 10 times,4 to 6 times,4 to 6 times,1 to 3 glasses,7 days (everyday),1 to 3 times,0 times (not at all),0 times (not at all),0 times (not at all),1 to 3 times,valid
283,3.5,11 times or more,11 times or more,7 to 10 times,0 times (not at all),11 times or more,1 to 3 glasses,7 days (everyday),0 times (not at all),0 times (not at all),0 times (not at all),0 times (not at all),0 times (not at all),valid
284,3.8,11 times or more,11 times or more,7 to 10 times,0 times (not at all),4 to 6 times,0 glasses (not at all),3 days,0 times (not at all),4 to 6 times,0 times (not at all),0 times (not at all),4 to 6 times,valid
285,3.7,11 times or more,11 times or more,4 to 6 times,0 times (not at all),4 to 6 times,0 glasses (not at all),7 days (everyday),1 to 3 times,0 times (not at all),0 times (not at all),0 times (not at all),0 times (not at all),valid
286,3.47,11 times or more,11 times or more,11 times or more,0 times (not at all),11 times or more,0 glasses (not at all),7 days (everyday),0 times (not at all),0 times (not at all),0 times (not at all),0 times (not at all),0 times (not at all),valid
287,3,11 times or more,11 times or more,11 times or more,0 times (not at all),11 times or more,0 glasses (not at all),7 days (everyday),0 times (not at all),0 times (not at all),0 times (not at all),0 times (not at all),0 times (not at all),valid
288,3.4,11 times or more,11 times or more,4 to 6 times,0 times (not at all),11 times or more,1 to 3 glasses,6 days,0 times (not at all),0 times (not at all),0 times (not at all),0 times (not at all),1 to 3 times,valid
289,3.5,11 times or more,11 times or more,7 to 10 times,0 times (not at all),1 to 3 times,0 glasses (not at all),7 days (everyday),0 times (not at all),0 times (not at all),0 times (not at all),0 times (not at all),0 times (not at all),valid
290,2.48,11 times or more,11 times or more,11 times or more,4 to 6 times,4 to 6 times,0 glasses (not at all),2 days,0 times (not at all),0 times (not at all),0 times (not at all),0 times (not at all),1 to 3 times,valid
291,2.8,11 times or more,11 times or more,1 to 3 times,0 times (not at all),4 to 6 times,0 glasses (not at all),2 days,0 times (not at all),0 times (not at all),0 times (not at all),0 times (not at all),1 to 3 times,valid
292,3.46,11 times or more,11 times or more,0 times (not at all),0 times (not at all),1 to 3 times,0 glasses (not at all),7 days (everyday),4 to 6 times,0 times (not at all),0 times (not at all),1 to 3 times,0 times (not at all),valid
293,2.8,11 times or more,11 times or more,4 to 6 times,0 times (not at all),1 to 3 times,0 glasses (not at all),5 days,4 to 6 times,4 to 6 times,0 times (not at all),0 times (not at all),1 to 3 times,valid
294,3.78,11 times or more,11 times or more,11 times or more,0 times (not at all),11 times or more,0 glasses (not at all),7 days (everyday),4 to 6 times,1 to 3 times,1 to 3 times,0 times (not at all),0 times (not at all),valid
295,3.75,11 times or more,11 times or more,11 times or more,4 to 6 times,4 to 6 times,1 to 3 glasses,7 days (everyday),0 times (not at all),0 times (not at all),0 times (not at all),1 to 3 times,0 times (not at all),valid
296,4,11 times or more,11 times or more,1 to 3 times,7 to 10 times,7 to 10 times,11 glasses or more,2 days,4 to 6 times,4 to 6 times,4 to 6 times,4 to 6 times,1 to 3 times,valid
297,3.23,11 times or more,11 times or more,1 to 3 times,1 to 3 times,7 to 10 times,1 to 3 glasses,7 days (everyday),0 times (not at all),0 times (not at all),0 times (not at all),0 times (not at all),0 times (not at all),valid
298,3.67,11 times or more,11 times or more,4 to 6 times,0 times (not at all),7 to 10 times,0 glasses (not at all),7 days (everyday),0 times (not at all),0 times (not at all),0 times (not at all),1 to 3 times,1 to 3 times,valid
299,3.7,11 times or more,11 times or more,4 to 6 times,1 to 3 times,1 to 3 times,1 to 3 glasses,7 days (everyday),0 times (not at all),0 times (not at all),0 times (not at all),1 to 3 times,4 to 6 times,valid
300,3.3,11 times or more,11 times or more,4 to 6 times,0 times (not at all),11 times or more,1 to 3 glasses,1 day,1 to 3 times,0 times (not at all),0 times (not at all),0 times (not at all),1 to 3 times,valid
301,4,11 times or more,11 times or more,7 to 10 times,4 to 6 times,1 to 3 times,7 to 10 glasses,7 days (everyday),0 times (not at all),0 times (not at all),0 times (not at all),0 times (not at all),0 times (not at all),valid
302,3.5,11 times or more,11 times or more,11 times or more,0 times (not at all),7 to 10 times,0 glasses (not at all),7 days (everyday),0 times (not at all),0 times (not at all),0 times (not at all),0 times (not at all),0 times (not at all),valid
303,3.56,11 times or more,11 times or more,7 to 10 times,1 to 3 times,0 times (not at all),1 to 3 glasses,7 days (everyday),0 times (not at all),0 times (not at all),4 to 6 times,4 to 6 times,0 times (not at all),valid
304,2.68,11 times or more,11 times or more,7 to 10 times,1 to 3 times,4 to 6 times,0 glasses (not at all),2 days,1 to 3 times,0 times (not at all),0 times (not at all),0 times (not at all),4 to 6 times,valid
305,3.75,4 to 6 times,4 to 6 times,7 to 10 times,4 to 6 times,1 to 3 times,4 to 6 glasses,7 days (everyday),1 to 3 times,0 times (not at all),0 times (not at all),0 times (not at all),1 to 3 times,valid
306,3.2,4 to 6 times,4 to 6 times,1 to 3 times,1 to 3 times,1 to 3 times,0 glasses (not at all),7 days (everyday),0 times (not at all),0 times (not at all),0 times (not at all),0 times (not at all),1 to 3 times,valid
307,4,4 to 6 times,4 to 6 times,4 to 6 times,0 times (not at all),4 to 6 times,1 to 3 glasses,7 days (everyday),0 times (not at all),0 times (not at all),0 times (not at all),0 times (not at all),0 times (not at all),valid
308,3.47,4 to 6 times,4 to 6 times,4 to 6 times,1 to 3 times,4 to 6 times,0 glasses (not at all),3 days,1 to 3 times,0 times (not at all),0 times (not at all),1 to 3 times,1 to 3 times,valid
309,3.6,4 to 6 times,4 to 6 times,4 to 6 times,7 to 10 times,1 to 3 times,0 glasses (not at all),7 days (everyday),1 to 3 times,0 times (not at all),0 times (not at all),1 to 3 times,0 times (not at all),valid
310,2.7,4 to 6 times,4 to 6 times,4 to 6 times,1 to 3 times,1 to 3 times,4 to 6 glasses,1 day,0 times (not at all),0 times (not at all),0 times (not at all),0 times (not at all),0 times (not at all),valid
311,4,4 to 6 times,4 to 6 times,1 to 3 times,0 times (not at all),1 to 3 times,0 glasses (not at all),5 days,4 to 6 times,4 to 6 times,0 times (not at all),1 to 3 times,1 to 3 times,valid
312,3.45,4 to 6 times,4 to 6 times,1 to 3 times,1 to 3 times,7 to 10 times,1 to 3 glasses,7 days (everyday),0 times (not at all),0 times (not at all),0 times (not at all),0 times (not at all),1 to 3 times,valid
313,4,4 to 6 times,4 to 6 times,4 to 6 times,7 to 10 times,4 to 6 times,0 glasses (not at all),7 days (everyday),0 times (not at all),0 times (not at all),0 times (not at all),0 times (not at all),1 to 3 times,valid
314,3.8,4 to 6 times,4 to 6 times,1 to 3 times,0 times (not at all),1 to 3 times,0 glasses (not at all),7 days (everyday),11 times or more,0 times (not at all),0 times (not at all),0 times (not at all),1 to 3 times,valid
315,2.3,4 to 6 times,4 to 6 times,7 to 10 times,1 to 3 times,0 times (not at all),0 glasses (not at all),6 days,0 times (not at all),0 times (not at all),0 times (not at all),1 to 3 times,4 to 6 times,valid
316,2.5,4 to 6 times,4 to 6 times,1 to 3 times,0 times (not at all),1 to 3 times,0 glasses (not at all),7 days (everyday),0 times (not at all),0 times (not at all),0 times (not at all),0 times (not at all),1 to 3 times,valid
317,1.65,4 to 6 times,4 to 6 times,7 to 10 times,1 to 3 times,1 to 3 times,1 to 3 glasses,3 days,0 times (not at all),0 times (not at all),0 times (not at all),0 times (not at all),7 to 10 times,valid
318,3.6,4 to 6 times,4 to 6 times,1 to 3 times,0 times (not at all),1 to 3 times,1 to 3 glasses,1 day,4 to 6 times,0 times (not at all),0 times (not at all),1 to 3 times,1 to 3 times,valid
319,3.7,4 to 6 times,4 to 6 times,1 to 3 times,0 times (not at all),0 times (not at all),0 glasses (not at all),6 days,4 to 6 times,0 times (not at all),0 times (not at all),0 times (not at all),1 to 3 times,valid
320,3.4,4 to 6 times,4 to 6 times,1 to 3 times,1 to 3 times,4 to 6 times,0 glasses (not at all),0 days (not at all),0 times (not at all),0 times (not at all),0 times (not at all),0 times (not at all),1 to 3 times,valid
321,3.7,4 to 6 times,4 to 6 times,1 to 3 times,4 to 6 times,1 to 3 times,0 glasses (not at all),7 days (everyday),0 times (not at all),0 times (not at all),0 times (not at all),1 to 3 times,0 times (not at all),valid
322,3.6,4 to 6 times,4 to 6 times,7 to 10 times,0 times (not at all),1 to 3 times,0 glasses (not at all),7 days (everyday),0 times (not at all),0 times (not at all),0 times (not at all),0 times (not at all),11 times or more,valid
323,3,4 to 6 times,4 to 6 times,4 to 6 times,0 times (not at all),1 to 3 times,1 to 3 glasses,4 days,0 times (not at all),0 times (not at all),0 times (not at all),4 to 6 times,4 to 6 times,valid
324,3.2,4 to 6 times,4 to 6 times,4 to 6 times,1 to 3 times,0 times (not at all),0 glasses (not at all),7 days (everyday),1 to 3 times,1 to 3 times,0 times (not at all),4 to 6 times,1 to 3 times,valid
325,3.8,4 to 6 times,4 to 6 times,7 to 10 times,1 to 3 times,4 to 6 times,0 glasses (not at all),3 days,0 times (not at all),0 times (not at all),0 times (not at all),1 to 3 times,1 to 3 times,valid
326,4,4 to 6 times,4 to 6 times,7 to 10 times,1 to 3 times,1 to 3 times,0 glasses (not at all),6 days,1 to 3 times,0 times (not at all),0 times (not at all),1 to 3 times,1 to 3 times,valid
327,2.5,4 to 6 times,4 to 6 times,0 times (not at all),1 to 3 times,1 to 3 times,0 glasses (not at all),3 days,0 times (not at all),0 times (not at all),0 times (not at all),1 to 3 times,1 to 3 times,valid
328,4,4 to 6 times,4 to 6 times,4 to 6 times,4 to 6 times,0 times (not at all),7 to 10 glasses,4 days,1 to 3 times,0 times (not at all),0 times (not at all),4 to 6 times,0 times (not at all),valid
329,3.56,4 to 6 times,4 to 6 times,4 to 6 times,1 to 3 times,1 to 3 times,0 glasses (not at all),4 days,0 times (not at all),0 times (not at all),0 times (not at all),7 to 10 times,0 times (not at all),valid
330,4,4 to 6 times,4 to 6 times,4 to 6 times,0 times (not at all),0 times (not at all),1 to 3 glasses,5 days,0 times (not at all),0 times (not at all),0 times (not at all),1 to 3 times,1 to 3 times,valid
331,4,4 to 6 times,4 to 6 times,7 to 10 times,0 times (not at all),0 times (not at all),0 glasses (not at all),0 days (not at all),7 to 10 times,7 to 10 times,0 times (not at all),1 to 3 times,1 to 3 times,valid
332,3.5,4 to 6 times,4 to 6 times,1 to 3 times,1 to 3 times,0 times (not at all),0 glasses (not at all),2 days,1 to 3 times,1 to 3 times,0 times (not at all),1 to 3 times,1 to 3 times,valid
333,3,4 to 6 times,4 to 6 times,1 to 3 times,0 times (not at all),0 times (not at all),0 glasses (not at all),7 days (everyday),7 to 10 times,0 times (not at all),0 times (not at all),0 times (not at all),1 to 3 times,valid
334,4,4 to 6 times,4 to 6 times,7 to 10 times,0 times (not at all),1 to 3 times,0 glasses (not at all),5 days,0 times (not at all),0 times (not at all),0 times (not at all),0 times (not at all),0 times (not at all),valid
335,3.75,4 to 6 times,4 to 6 times,4 to 6 times,0 times (not at all),4 to 6 times,0 glasses (not at all),7 days (everyday),0 times (not at all),0 times (not at all),0 times (not at all),0 times (not at all),0 times (not at all),valid
336,3,4 to 6 times,4 to 6 times,1 to 3 times,1 to 3 times,1 to 3 times,0 glasses (not at all),2 days,1 to 3 times,1 to 3 times,1 to 3 times,1 to 3 times,4 to 6 times,valid
337,3.01,4 to 6 times,4 to 6 times,7 to 10 times,4 to 6 times,1 to 3 times,0 glasses (not at all),2 days,1 to 3 times,0 times (not at all),0 times (not at all),1 to 3 times,1 to 3 times,valid
338,3.3,4 to 6 times,4 to 6 times,1 to 3 times,0 times (not at all),0 times (not at all),0 glasses (not at all),2 days,1 to 3 times,7 to 10 times,0 times (not at all),0 times (not at all),1 to 3 times,valid
339,3.5,4 to 6 times,4 to 6 times,7 to 10 times,4 to 6 times,1 to 3 times,1 to 3 glasses,4 days,1 to 3 times,0 times (not at all),0 times (not at all),0 times (not at all),1 to 3 times,valid
340,3.8,4 to 6 times,4 to 6 times,1 to 3 times,0 times (not at all),1 to 3 times,0 glasses (not at all),5 days,0 times (not at all),0 times (not at all),0 times (not at all),0 times (not at all),4 to 6 times,valid
341,3.6,4 to 6 times,4 to 6 times,4 to 6 times,4 to 6 times,4 to 6 times,0 glasses (not at all),1 day,0 times (not at all),0 times (not at all),0 times (not at all),1 to 3 times,0 times (not at all),valid
342,4,4 to 6 times,4 to 6 times,7 to 10 times,1 to 3 times,1 to 3 times,0 glasses (not at all),1 day,1 to 3 times,0 times (not at all),4 to 6 times,0 times (not at all),1 to 3 times,valid
343,3.8,4 to 6 times,4 to 6 times,1 to 3 times,4 to 6 times,1 to 3 times,0 glasses (not at all),2 days,0 times (not at all),0 times (not at all),0 times (not at all),1 to 3 times,1 to 3 times,valid
344,3.4,4 to 6 times,4 to 6 times,1 to 3 times,0 times (not at all),1 to 3 times,0 glasses (not at all),2 days,0 times (not at all),0 times (not at all),0 times (not at all),0 times (not at all),1 to 3 times,valid
345,3.67,4 to 6 times,4 to 6 times,7 to 10 times,1 to 3 times,1 to 3 times,0 glasses (not at all),2 days,0 times (not at all),0 times (not at all),0 times (not at all),1 to 3 times,4 to 6 times,valid
346,3.5,4 to 6 times,4 to 6 times,4 to 6 times,0 times (not at all),1 to 3 times,1 to 3 glasses,7 days (everyday),0 times (not at all),0 times (not at all),0 times (not at all),0 times (not at all),0 times (not at all),valid
347,4,4 to 6 times,4 to 6 times,4 to 6 times,4 to 6 times,1 to 3 times,4 to 6 glasses,7 days (everyday),1 to 3 times,0 times (not at all),1 to 3 times,4 to 6 times,1 to 3 times,valid
348,3.5,4 to 6 times,4 to 6 times,1 to 3 times,0 times (not at all),0 times (not at all),1 to 3 glasses,3 days,1 to 3 times,1 to 3 times,0 times (not at all),1 to 3 times,1 to 3 times,valid
349,4,4 to 6 times,4 to 6 times,1 to 3 times,1 to 3 times,0 times (not at all),1 to 3 glasses,0 days (not at all),1 to 3 times,1 to 3 times,0 times (not at all),0 times (not at all),4 to 6 times,valid
350,4,4 to 6 times,4 to 6 times,4 to 6 times,0 times (not at all),1 to 3 times,0 glasses (not at all),1 day,0 times (not at all),0 times (not at all),0 times (not at all),0 times (not at all),4 to 6 times,valid
351,4,4 to 6 times,4 to 6 times,7 to 10 times,0 times (not at all),0 times (not at all),0 glasses (not at all),2 days,0 times (not at all),0 times (not at all),0 times (not at all),0 times (not at all),1 to 3 times,valid
352,4,4 to 6 times,4 to 6 times,7 to 10 times,0 times (not at all),1 to 3 times,0 glasses (not at all),6 days,0 times (not at all),0 times (not at all),0 times (not at all),4 to 6 times,4 to 6 times,valid
353,3.927,4 to 6 times,4 to 6 times,11 times or more,0 times (not at all),1 to 3 times,0 glasses (not at all),7 days (everyday),0 times (not at all),0 times (not at all),0 times (not at all),0 times (not at all),0 times (not at all),valid
354,3.4,4 to 6 times,4 to 6 times,1 to 3 times,1 to 3 times,4 to 6 times,4 to 6 glasses,5 days,0 times (not at all),0 times (not at all),0 times (not at all),1 to 3 times,1 to 3 times,valid
355,3.64,4 to 6 times,4 to 6 times,0 times (not at all),0 times (not at all),4 to 6 times,0 glasses (not at all),3 days,0 times (not at all),7 to 10 times,0 times (not at all),0 times (not at all),1 to 3 times,valid
356,2.5,4 to 6 times,4 to 6 times,11 times or more,1 to 3 times,1 to 3 times,0 glasses (not at all),4 days,4 to 6 times,0 times (not at all),0 times (not at all),1 to 3 times,1 to 3 times,valid
357,3,4 to 6 times,4 to 6 times,7 to 10 times,1 to 3 times,1 to 3 times,1 to 3 glasses,7 days (everyday),0 times (not at all),0 times (not at all),1 to 3 times,0 times (not at all),0 times (not at all),valid
358,2.9,4 to 6 times,4 to 6 times,4 to 6 times,0 times (not at all),1 to 3 times,0 glasses (not at all),3 days,1 to 3 times,0 times (not at all),0 times (not at all),1 to 3 times,1 to 3 times,valid
359,3.7,4 to 6 times,4 to 6 times,4 to 6 times,0 times (not at all),1 to 3 times,4 to 6 glasses,7 days (everyday),0 times (not at all),0 times (not at all),0 times (not at all),1 to 3 times,0 times (not at all),valid
360,2.9,4 to 6 times,4 to 6 times,4 to 6 times,1 to 3 times,4 to 6 times,0 glasses (not at all),4 days,0 times (not at all),0 times (not at all),0 times (not at all),0 times (not at all),0 times (not at all),valid
361,3.2,4 to 6 times,4 to 6 times,4 to 6 times,1 to 3 times,1 to 3 times,1 to 3 glasses,7 days (everyday),1 to 3 times,1 to 3 times,0 times (not at all),0 times (not at all),1 to 3 times,valid
362,3.64,4 to 6 times,4 to 6 times,4 to 6 times,4 to 6 times,1 to 3 times,0 glasses (not at all),3 days,7 to 10 times,0 times (not at all),0 times (not at all),0 times (not at all),1 to 3 times,valid
363,3.2,4 to 6 times,4 to 6 times,7 to 10 times,0 times (not at all),1 to 3 times,1 to 3 glasses,5 days,0 times (not at all),0 times (not at all),0 times (not at all),0 times (not at all),1 to 3 times,valid
364,3.4,4 to 6 times,4 to 6 times,7 to 10 times,1 to 3 times,7 to 10 times,0 glasses (not at all),2 days,0 times (not at all),0 times (not at all),0 times (not at all),0 times (not at all),1 to 3 times,valid
365,3.83,4 to 6 times,4 to 6 times,1 to 3 times,0 times (not at all),0 times (not at all),1 to 3 glasses,2 days,0 times (not at all),0 times (not at all),1 to 3 times,1 to 3 times,1 to 3 times,valid
366,2.9,4 to 6 times,4 to 6 times,4 to 6 times,1 to 3 times,1 to 3 times,1 to 3 glasses,6 days,1 to 3 times,0 times (not at all),0 times (not at all),0 times (not at all),0 times (not at all),valid
367,3.5,4 to 6 times,4 to 6 times,1 to 3 times,1 to 3 times,0 times (not at all),0 glasses (not at all),7 days (everyday),0 times (not at all),1 to 3 times,0 times (not at all),0 times (not at all),1 to 3 times,valid
368,3.6,4 to 6 times,4 to 6 times,4 to 6 times,1 to 3 times,0 times (not at all),0 glasses (not at all),6 days,0 times (not at all),0 times (not at all),0 times (not at all),1 to 3 times,0 times (not at all),valid
369,2.5,4 to 6 times,4 to 6 times,4 to 6 times,0 times (not at all),1 to 3 times,0 glasses (not at all),4 days,0 times (not at all),0 times (not at all),1 to 3 times,0 times (not at all),1 to 3 times,valid
370,3.75,4 to 6 times,4 to 6 times,4 to 6 times,0 times (not at all),1 to 3 times,0 glasses (not at all),4 days,0 times (not at all),0 times (not at all),1 to 3 times,0 times (not at all),1 to 3 times,valid
371,3.6,4 to 6 times,4 to 6 times,4 to 6 times,0 times (not at all),0 times (not at all),1 to 3 glasses,7 days (everyday),1 to 3 times,0 times (not at all),0 times (not at all),0 times (not at all),4 to 6 times,valid
372,3.95,4 to 6 times,4 to 6 times,7 to 10 times,1 to 3 times,4 to 6 times,4 to 6 glasses,6 days,1 to 3 times,0 times (not at all),0 times (not at all),0 times (not at all),1 to 3 times,valid
373,3.75,4 to 6 times,4 to 6 times,4 to 6 times,1 to 3 times,4 to 6 times,0 glasses (not at all),5 days,0 times (not at all),0 times (not at all),0 times (not at all),7 to 10 times,1 to 3 times,valid
374,3.53,4 to 6 times,4 to 6 times,1 to 3 times,4 to 6 times,1 to 3 times,1 to 3 glasses,7 days (everyday),0 times (not at all),0 times (not at all),0 times (not at all),0 times (not at all),1 to 3 times,valid
375,3.8,4 to 6 times,4 to 6 times,7 to 10 times,1 to 3 times,0 times (not at all),1 to 3 glasses,6 days,0 times (not at all),0 times (not at all),0 times (not at all),1 to 3 times,0 times (not at all),valid
376,3.78,4 to 6 times,4 to 6 times,4 to 6 times,0 times (not at all),4 to 6 times,0 glasses (not at all),7 days (everyday),0 times (not at all),0 times (not at all),0 times (not at all),0 times (not at all),0 times (not at all),valid
377,3.5,4 to 6 times,4 to 6 times,4 to 6 times,1 to 3 times,0 times (not at all),0 glasses (not at all),6 days,0 times (not at all),0 times (not at all),1 to 3 times,0 times (not at all),1 to 3 times,valid
378,3.85,4 to 6 times,4 to 6 times,1 to 3 times,1 to 3 times,0 times (not at all),0 glasses (not at all),0 days (not at all),1 to 3 times,0 times (not at all),0 times (not at all),1 to 3 times,1 to 3 times,valid
379,3.45,4 to 6 times,4 to 6 times,1 to 3 times,1 to 3 times,0 times (not at all),1 to 3 glasses,4 days,0 times (not at all),0 times (not at all),0 times (not at all),4 to 6 times,1 to 3 times,valid
380,3,4 to 6 times,4 to 6 times,1 to 3 times,1 to 3 times,1 to 3 times,1 to 3 glasses,7 days (everyday),0 times (not at all),0 times (not at all),0 times (not at all),4 to 6 times,0 times (not at all),valid
381,2.9,4 to 6 times,4 to 6 times,1 to 3 times,1 to 3 times,4 to 6 times,0 glasses (not at all),4 days,4 to 6 times,0 times (not at all),0 times (not at all),1 to 3 times,4 to 6 times,valid
382,3.6,4 to 6 times,4 to 6 times,4 to 6 times,4 to 6 times,1 to 3 times,1 to 3 glasses,7 days (everyday),1 to 3 times,0 times (not at all),0 times (not at all),0 times (not at all),1 to 3 times,valid
383,3.4,4 to 6 times,4 to 6 times,0 times (not at all),0 times (not at all),1 to 3 times,0 glasses (not at all),7 days (everyday),0 times (not at all),0 times (not at all),0 times (not at all),0 times (not at all),0 times (not at all),valid
384,3.6,4 to 6 times,4 to 6 times,1 to 3 times,1 to 3 times,0 times (not at all),0 glasses (not at all),0 days (not at all),1 to 3 times,0 times (not at all),0 times (not at all),1 to 3 times,1 to 3 times,valid
385,3.56,4 to 6 times,4 to 6 times,4 to 6 times,0 times (not at all),1 to 3 times,0 glasses (not at all),7 days (everyday),1 to 3 times,0 times (not at all),1 to 3 times,0 times (not at all),4 to 6 times,valid
386,3.7,4 to 6 times,4 to 6 times,4 to 6 times,4 to 6 times,1 to 3 times,4 to 6 glasses,0 days (not at all),0 times (not at all),0 times (not at all),0 times (not at all),1 to 3 times,1 to 3 times,valid
387,2.974,4 to 6 times,4 to 6 times,7 to 10 times,0 times (not at all),0 times (not at all),0 glasses (not at all),7 days (everyday),0 times (not at all),0 times (not at all),0 times (not at all),0 times (not at all),1 to 3 times,valid
388,3.1,4 to 6 times,4 to 6 times,4 to 6 times,0 times (not at all),1 to 3 times,0 glasses (not at all),4 days,1 to 3 times,1 to 3 times,0 times (not at all),1 to 3 times,7 to 10 times,valid
389,3.8,4 to 6 times,4 to 6 times,11 times or more,1 to 3 times,4 to 6 times,1 to 3 glasses,5 days,11 times or more,4 to 6 times,1 to 3 times,0 times (not at all),0 times (not at all),valid
390,3.33,4 to 6 times,4 to 6 times,1 to 3 times,0 times (not at all),0 times (not at all),0 glasses (not at all),0 days (not at all),1 to 3 times,0 times (not at all),0 times (not at all),1 to 3 times,0 times (not at all),valid
391,2.75,4 to 6 times,4 to 6 times,1 to 3 times,1 to 3 times,0 times (not at all),0 glasses (not at all),2 days,4 to 6 times,0 times (not at all),0 times (not at all),0 times (not at all),1 to 3 times,valid
392,3.01,4 to 6 times,4 to 6 times,4 to 6 times,7 to 10 times,1 to 3 times,1 to 3 glasses,2 days,0 times (not at all),0 times (not at all),1 to 3 times,0 times (not at all),1 to 3 times,valid
393,3.5,4 to 6 times,4 to 6 times,7 to 10 times,0 times (not at all),1 to 3 times,1 to 3 glasses,7 days (everyday),0 times (not at all),0 times (not at all),0 times (not at all),0 times (not at all),0 times (not at all),valid
394,3.44,4 to 6 times,4 to 6 times,4 to 6 times,1 to 3 times,0 times (not at all),0 glasses (not at all),4 days,7 to 10 times,0 times (not at all),0 times (not at all),0 times (not at all),4 to 6 times,valid
395,2.5,4 to 6 times,4 to 6 times,1 to 3 times,1 to 3 times,0 times (not at all),0 glasses (not at all),7 days (everyday),1 to 3 times,0 times (not at all),0 times (not at all),0 times (not at all),0 times (not at all),valid
396,3.1,4 to 6 times,4 to 6 times,1 to 3 times,0 times (not at all),0 times (not at all),0 glasses (not at all),7 days (everyday),0 times (not at all),0 times (not at all),0 times (not at all),1 to 3 times,1 to 3 times,valid
397,3.26,4 to 6 times,4 to 6 times,1 to 3 times,0 times (not at all),1 to 3 times,0 glasses (not at all),6 days,0 times (not at all),0 times (not at all),0 times (not at all),0 times (not at all),4 to 6 times,valid
398,3.5,4 to 6 times,4 to 6 times,4 to 6 times,1 to 3 times,1 to 3 times,1 to 3 glasses,7 days (everyday),0 times (not at all),0 times (not at all),0 times (not at all),0 times (not at all),1 to 3 times,valid
399,3.7,4 to 6 times,4 to 6 times,4 to 6 times,4 to 6 times,0 times (not at all),0 glasses (not at all),5 days,1 to 3 times,0 times (not at all),0 times (not at all),0 times (not at all),0 times (not at all),valid
400,3.94,4 to 6 times,4 to 6 times,1 to 3 times,0 times (not at all),0 times (not at all),0 glasses (not at all),5 days,1 to 3 times,0 times (not at all),0 times (not at all),7 to 10 times,1 to 3 times,valid
401,3.4,4 to 6 times,4 to 6 times,4 to 6 times,1 to 3 times,4 to 6 times,0 glasses (not at all),7 days (everyday),1 to 3 times,0 times (not at all),0 times (not at all),1 to 3 times,1 to 3 times,valid
402,3.49,4 to 6 times,4 to 6 times,4 to 6 times,1 to 3 times,4 to 6 times,0 glasses (not at all),7 days (everyday),1 to 3 times,0 times (not at all),0 times (not at all),1 to 3 times,1 to 3 times,valid
403,3.11,4 to 6 times,4 to 6 times,4 to 6 times,0 times (not at all),4 to 6 times,4 to 6 glasses,7 days (everyday),0 times (not at all),0 times (not at all),0 times (not at all),0 times (not at all),1 to 3 times,valid
404,3.2,4 to 6 times,4 to 6 times,1 to 3 times,0 times (not at all),1 to 3 times,0 glasses (not at all),2 days,1 to 3 times,0 times (not at all),0 times (not at all),0 times (not at all),1 to 3 times,valid
405,3.5,4 to 6 times,4 to 6 times,0 times (not at all),1 to 3 times,0 times (not at all),1 to 3 glasses,4 days,4 to 6 times,0 times (not at all),0 times (not at all),1 to 3 times,1 to 3 times,valid
406,3.61,4 to 6 times,4 to 6 times,1 to 3 times,0 times (not at all),0 times (not at all),0 glasses (not at all),4 days,4 to 6 times,1 to 3 times,0 times (not at all),1 to 3 times,1 to 3 times,valid
407,3.7,4 to 6 times,4 to 6 times,1 to 3 times,0 times (not at all),1 to 3 times,4 to 6 glasses,3 days,11 times or more,0 times (not at all),0 times (not at all),0 times (not at all),1 to 3 times,valid
408,3.5,4 to 6 times,4 to 6 times,4 to 6 times,1 to 3 times,4 to 6 times,0 glasses (not at all),5 days,0 times (not at all),0 times (not at all),0 times (not at all),0 times (not at all),1 to 3 times,valid
409,3.6,4 to 6 times,4 to 6 times,1 to 3 times,0 times (not at all),1 to 3 times,0 glasses (not at all),1 day,0 times (not at all),1 to 3 times,0 times (not at all),0 times (not at all),1 to 3 times,valid
410,3.95,4 to 6 times,4 to 6 times,4 to 6 times,4 to 6 times,1 to 3 times,1 to 3 glasses,3 days,1 to 3 times,1 to 3 times,0 times (not at all),1 to 3 times,1 to 3 times,valid
411,3.8,4 to 6 times,4 to 6 times,1 to 3 times,0 times (not at all),1 to 3 times,0 glasses (not at all),2 days,4 to 6 times,0 times (not at all),0 times (not at all),0 times (not at all),1 to 3 times,valid
412,3.86,4 to 6 times,4 to 6 times,1 to 3 times,0 times (not at all),4 to 6 times,1 to 3 glasses,6 days,0 times (not at all),0 times (not at all),0 times (not at all),1 to 3 times,0 times (not at all),valid
413,3.5,4 to 6 times,4 to 6 times,0 times (not at all),1 to 3 times,0 times (not at all),1 to 3 glasses,1 day,7 to 10 times,0 times (not at all),0 times (not at all),0 times (not at all),4 to 6 times,valid
414,3.7,4 to 6 times,4 to 6 times,4 to 6 times,1 to 3 times,1 to 3 times,4 to 6 glasses,7 days (everyday),0 times (not at all),0 times (not at all),0 times (not at all),1 to 3 times,0 times (not at all),valid
415,3.4,4 to 6 times,4 to 6 times,1 to 3 times,0 times (not at all),0 times (not at all),1 to 3 glasses,7 days (everyday),0 times (not at all),0 times (not at all),0 times (not at all),0 times (not at all),1 to 3 times,valid
416,4.71,4 to 6 times,4 to 6 times,1 to 3 times,0 times (not at all),4 to 6 times,0 glasses (not at all),6 days,1 to 3 times,0 times (not at all),0 times (not at all),0 times (not at all),1 to 3 times,above_expected_range
417,3.94,4 to 6 times,4 to 6 times,1 to 3 times,0 times (not at all),4 to 6 times,0 glasses (not at all),7 days (everyday),0 times (not at all),0 times (not at all),1 to 3 times,0 times (not at all),1 to 3 times,valid
418,3.34,4 to 6 times,4 to 6 times,0 times (not at all),0 times (not at all),1 to 3 times,0 glasses (not at all),7 days (everyday),1 to 3 times,0 times (not at all),0 times (not at all),0 times (not at all),1 to 3 times,valid
419,2.7,4 to 6 times,4 to 6 times,1 to 3 times,1 to 3 times,4 to 6 times,0 glasses (not at all),3 days,4 to 6 times,1 to 3 times,0 times (not at all),1 to 3 times,4 to 6 times,valid
420,2.9,4 to 6 times,4 to 6 times,4 to 6 times,0 times (not at all),4 to 6 times,1 to 3 glasses,0 days (not at all),0 times (not at all),0 times (not at all),0 times (not at all),0 times (not at all),1 to 3 times,valid
421,3.67,4 to 6 times,4 to 6 times,1 to 3 times,0 times (not at all),1 to 3 times,0 glasses (not at all),3 days,0 times (not at all),0 times (not at all),0 times (not at all),0 times (not at all),0 times (not at all),valid
422,3.7,4 to 6 times,4 to 6 times,7 to 10 times,1 to 3 times,1 to 3 times,0 glasses (not at all),7 days (everyday),1 to 3 times,0 times (not at all),0 times (not at all),0 times (not at all),1 to 3 times,valid
423,3.6,4 to 6 times,4 to 6 times,4 to 6 times,4 to 6 times,0 times (not at all),4 to 6 glasses,7 days (everyday),4 to 6 times,0 times (not at all),0 times (not at all),0 times (not at all),4 to 6 times,valid
424,3.5,4 to 6 times,4 to 6 times,1 to 3 times,0 times (not at all),1 to 3 times,0 glasses (not at all),2 days,1 to 3 times,0 times (not at all),0 times (not at all),0 times (not at all),1 to 3 times,valid
425,3.6,4 to 6 times,4 to 6 times,4 to 6 times,1 to 3 times,4 to 6 times,1 to 3 glasses,6 days,0 times (not at all),0 times (not at all),0 times (not at all),0 times (not at all),1 to 3 times,valid
426,4,4 to 6 times,4 to 6 times,1 to 3 times,0 times (not at all),0 times (not at all),0 glasses (not at all),1 day,4 to 6 times,0 times (not at all),0 times (not at all),1 to 3 times,1 to 3 times,valid
427,3.6,4 to 6 times,4 to 6 times,1 to 3 times,1 to 3 times,1 to 3 times,0 glasses (not at all),2 days,0 times (not at all),0 times (not at all),0 times (not at all),0 times (not at all),1 to 3 times,valid
428,4,4 to 6 times,4 to 6 times,4 to 6 times,1 to 3 times,1 to 3 times,0 glasses (not at all),6 days,0 times (not at all),0 times (not at all),0 times (not at all),0 times (not at all),1 to 3 times,valid
429,3.4,4 to 6 times,4 to 6 times,1 to 3 times,4 to 6 times,0 times (not at all),0 glasses (not at all),5 days,0 times (not at all),0 times (not at all),0 times (not at all),0 times (not at all),1 to 3 times,valid
430,3.9,4 to 6 times,4 to 6 times,4 to 6 times,1 to 3 times,1 to 3 times,0 glasses (not at all),7 days (everyday),1 to 3 times,0 times (not at all),0 times (not at all),4 to 6 times,1 to 3 times,valid
431,3.25,4 to 6 times,4 to 6 times,4 to 6 times,4 to 6 times,1 to 3 times,0 glasses (not at all),7 days (everyday),0 times (not at all),0 times (not at all),0 times (not at all),0 times (not at all),1 to 3 times,valid
432,2.52,4 to 6 times,4 to 6 times,1 to 3 times,1 to 3 times,1 to 3 times,0 glasses (not at all),7 days (everyday),7 to 10 times,0 times (not at all),0 times (not at all),0 times (not at all),1 to 3 times,valid
433,3.2,4 to 6 times,4 to 6 times,4 to 6 times,1 to 3 times,1 to 3 times,0 glasses (not at all),5 days,1 to 3 times,0 times (not at all),0 times (not at all),0 times (not at all),1 to 3 times,valid
434,3.78,4 to 6 times,4 to 6 times,1 to 3 times,0 times (not at all),1 to 3 times,0 glasses (not at all),1 day,0 times (not at all),0 times (not at all),0 times (not at all),0 times (not at all),1 to 3 times,valid
435,3.31,4 to 6 times,4 to 6 times,1 to 3 times,1 to 3 times,4 to 6 times,0 glasses (not at all),0 days (not at all),0 times (not at all),0 times (not at all),0 times (not at all),0 times (not at all),1 to 3 times,valid
436,4,4 to 6 times,4 to 6 times,11 times or more,0 times (not at all),4 to 6 times,0 glasses (not at all),7 days (everyday),0 times (not at all),11 times or more,0 times (not at all),0 times (not at all),1 to 3 times,valid
437,3,4 to 6 times,4 to 6 times,1 to 3 times,0 times (not at all),4 to 6 times,0 glasses (not at all),2 days,0 times (not at all),1 to 3 times,0 times (not at all),0 times (not at all),1 to 3 times,valid
438,3.55,4 to 6 times,4 to 6 times,1 to 3 times,0 times (not at all),1 to 3 times,0 glasses (not at all),7 days (everyday),0 times (not at all),0 times (not at all),0 times (not at all),0 times (not at all),0 times (not at all),valid
439,3.5,4 to 6 times,4 to 6 times,7 to 10 times,11 times or more,0 times (not at all),7 to 10 glasses,7 days (everyday),4 to 6 times,0 times (not at all),0 times (not at all),1 to 3 times,4 to 6 times,valid
440,3.85,4 to 6 times,4 to 6 times,1 to 3 times,1 to 3 times,1 to 3 times,0 glasses (not at all),7 days (everyday),0 times (not at all),0 times (not at all),0 times (not at all),0 times (not at all),1 to 3 times,valid
441,3.6,4 to 6 times,4 to 6 times,7 to 10 times,0 times (not at all),1 to 3 times,0 glasses (not at all),7 days (everyday),0 times (not at all),0 times (not at all),0 times (not at all),0 times (not at all),1 to 3 times,valid
442,2.78,4 to 6 times,4 to 6 times,1 to 3 times,1 to 3 times,0 times (not at all),0 glasses (not at all),1 day,11 times or more,11 times or more,0 times (not at all),0 times (not at all),4 to 6 times,valid
443,3.2,4 to 6 times,4 to 6 times,1 to 3 times,0 times (not at all),0 times (not at all),0 glasses (not at all),2 days,1 to 3 times,0 times (not at all),0 times (not at all),1 to 3 times,1 to 3 times,valid
444,4,4 to 6 times,4 to 6 times,4 to 6 times,4 to 6 times,4 to 6 times,0 glasses (not at all),7 days (everyday),0 times (not at all),0 times (not at all),0 times (not at all),0 times (not at all),0 times (not at all),valid
445,3.11,4 to 6 times,4 to 6 times,0 times (not at all),0 times (not at all),1 to 3 times,0 glasses (not at all),5 days,1 to 3 times,0 times (not at all),7 to 10 times,0 times (not at all),1 to 3 times,valid
446,3.24,4 to 6 times,4 to 6 times,1 to 3 times,4 to 6 times,0 times (not at all),4 to 6 glasses,6 days,0 times (not at all),4 to 6 times,0 times (not at all),0 times (not at all),1 to 3 times,valid
447,3.4,4 to 6 times,4 to 6 times,0 times (not at all),0 times (not at all),1 to 3 times,0 glasses (not at all),0 days (not at all),0 times (not at all),0 times (not at all),1 to 3 times,0 times (not at all),1 to 3 times,valid
448,3.7,4 to 6 times,4 to 6 times,1 to 3 times,7 to 10 times,1 to 3 times,0 glasses (not at all),5 days,1 to 3 times,0 times (not at all),0 times (not at all),1 to 3 times,4 to 6 times,valid
449,3.6,4 to 6 times,4 to 6 times,4 to 6 times,4 to 6 times,0 times (not at all),0 glasses (not at all),3 days,1 to 3 times,0 times (not at all),0 times (not at all),0 times (not at all),0 times (not at all),valid
450,3.9,4 to 6 times,4 to 6 times,0 times (not at all),0 times (not at all),4 to 6 times,0 glasses (not at all),6 days,0 times (not at all),0 times (not at all),0 times (not at all),0 times (not at all),0 times (not at all),valid
451,4,4 to 6 times,4 to 6 times,7 to 10 times,1 to 3 times,0 times (not at all),4 to 6 glasses,2 days,4 to 6 times,0 times (not at all),1 to 3 times,0 times (not at all),1 to 3 times,valid
452,3.56,4 to 6 times,4 to 6 times,1 to 3 times,0 times (not at all),0 times (not at all),1 to 3 glasses,7 days (everyday),0 times (not at all),0 times (not at all),0 times (not at all),0 times (not at all),1 to 3 times,valid
453,3.2,4 to 6 times,4 to 6 times,4 to 6 times,1 to 3 times,1 to 3 times,0 glasses (not at all),3 days,1 to 3 times,0 times (not at all),0 times (not at all),0 times (not at all),1 to 3 times,valid
454,2.48,4 to 6 times,4 to 6 times,0 times (not at all),0 times (not at all),4 to 6 times,0 glasses (not at all),6 days,0 times (not at all),4 to 6 times,7 to 10 times,7 to 10 times,1 to 3 times,valid
455,2.9,4 to 6 times,4 to 6 times,7 to 10 times,0 times (not at all),0 times (not at all),0 glasses (not at all),3 days,0 times (not at all),1 to 3 times,0 times (not at all),1 to 3 times,1 to 3 times,valid
456,2.9,4 to 6 times,4 to 6 times,4 to 6 times,1 to 3 times,0 times (not at all),4 to 6 glasses,1 day,4 to 6 times,0 times (not at all),0 times (not at all),0 times (not at all),1 to 3 times,valid
457,3.91,4 to 6 times,4 to 6 times,0 times (not at all),0 times (not at all),1 to 3 times,1 to 3 glasses,7 days (everyday),0 times (not at all),0 times (not at all),0 times (not at all),0 times (not at all),1 to 3 times,valid
458,2.7,4 to 6 times,4 to 6 times,4 to 6 times,0 times (not at all),4 to 6 times,0 glasses (not at all),0 days (not at all),0 times (not at all),4 to 6 times,0 times (not at all),0 times (not at all),0 times (not at all),valid
459,3.75,4 to 6 times,4 to 6 times,4 to 6 times,0 times (not at all),1 to 3 times,0 glasses (not at all),4 days,0 times (not at all),0 times (not at all),0 times (not at all),0 times (not at all),1 to 3 times,valid
460,1.9,4 to 6 times,4 to 6 times,1 to 3 times,4 to 6 times,0 times (not at all),0 glasses (not at all),0 days (not at all),1 to 3 times,4 to 6 times,0 times (not at all),0 times (not at all),7 to 10 times,valid
461,3,4 to 6 times,4 to 6 times,4 to 6 times,1 to 3 times,1 to 3 times,1 to 3 glasses,2 days,4 to 6 times,1 to 3 times,0 times (not at all),1 to 3 times,0 times (not at all),valid
462,4,4 to 6 times,4 to 6 times,4 to 6 times,0 times (not at all),0 times (not at all),1 to 3 glasses,3 days,0 times (not at all),0 times (not at all),0 times (not at all),0 times (not at all),1 to 3 times,valid
463,3.4,4 to 6 times,4 to 6 times,4 to 6 times,1 to 3 times,1 to 3 times,0 glasses (not at all),3 days,1 to 3 times,0 times (not at all),0 times (not at all),0 times (not at all),1 to 3 times,valid
464,2.05,4 to 6 times,4 to 6 times,1 to 3 times,1 to 3 times,0 times (not at all),4 to 6 glasses,7 days (everyday),0 times (not at all),0 times (not at all),0 times (not at all),1 to 3 times,4 to 6 times,valid
465,3.235,4 to 6 times,4 to 6 times,4 to 6 times,7 to 10 times,1 to 3 times,0 glasses (not at all),1 day,4 to 6 times,4 to 6 times,1 to 3 times,4 to 6 times,1 to 3 times,valid
466,3.6,4 to 6 times,4 to 6 times,4 to 6 times,7 to 10 times,1 to 3 times,0 glasses (not at all),1 day,4 to 6 times,4 to 6 times,1 to 3 times,4 to 6 times,1 to 3 times,valid
467,3.47,4 to 6 times,4 to 6 times,4 to 6 times,4 to 6 times,0 times (not at all),4 to 6 glasses,7 days (everyday),4 to 6 times,0 times (not at all),0 times (not at all),0 times (not at all),4 to 6 times,valid
468,0.94,4 to 6 times,4 to 6 times,4 to 6 times,1 to 3 times,1 to 3 times,0 glasses (not at all),4 days,11 times or more,0 times (not at all),0 times (not at all),4 to 6 times,1 to 3 times,valid
469,3.1,4 to 6 times,4 to 6 times,1 to 3 times,1 to 3 times,1 to 3 times,4 to 6 glasses,4 days,4 to 6 times,0 times (not at all),0 times (not at all),0 times (not at all),1 to 3 times,valid
470,3,4 to 6 times,4 to 6 times,1 to 3 times,0 times (not at all),4 to 6 times,0 glasses (not at all),0 days (not at all),0 times (not at all),0 times (not at all),0 times (not at all),11 times or more,0 times (not at all),valid
471,3.4,4 to 6 times,4 to 6 times,4 to 6 times,1 to 3 times,1 to 3 times,0 glasses (not at all),2 days,0 times (not at all),0 times (not at all),0 times (not at all),4 to 6 times,1 to 3 times,valid
472,3,4 to 6 times,4 to 6 times,1 to 3 times,1 to 3 times,0 times (not at all),0 glasses (not at all),2 days,1 to 3 times,1 to 3 times,0 times (not at all),1 to 3 times,1 to 3 times,valid
473,3.4,4 to 6 times,4 to 6 times,4 to 6 times,0 times (not at all),4 to 6 times,0 glasses (not at all),7 days (everyday),0 times (not at all),0 times (not at all),0 times (not at all),0 times (not at all),0 times (not at all),valid
474,3.9,4 to 6 times,4 to 6 times,1 to 3 times,1 to 3 times,0 times (not at all),1 to 3 glasses,4 days,0 times (not at all),0 times (not at all),0 times (not at all),1 to 3 times,1 to 3 times,valid
475,3.5,4 to 6 times,4 to 6 times,1 to 3 times,1 to 3 times,0 times (not at all),1 to 3 glasses,1 day,1 to 3 times,0 times (not at all),0 times (not at all),4 to 6 times,1 to 3 times,valid
476,2.8,4 to 6 times,4 to 6 times,11 times or more,0 times (not at all),0 times (not at all),0 glasses (not at all),3 days,0 times (not at all),0 times (not at all),0 times (not at all),0 times (not at all),1 to 3 times,valid
477,3.65,4 to 6 times,4 to 6 times,1 to 3 times,1 to 3 times,1 to 3 times,1 to 3 glasses,2 days,4 to 6 times,0 times (not at all),0 times (not at all),1 to 3 times,4 to 6 times,valid
478,3.4,4 to 6 times,4 to 6 times,0 times (not at all),0 times (not at all),0 times (not at all),4 to 6 glasses,3 days,1 to 3 times,0 times (not at all),0 times (not at all),7 to 10 times,1 to 3 times,valid
479,3.72,4 to 6 times,4 to 6 times,7 to 10 times,0 times (not at all),1 to 3 times,4 to 6 glasses,7 days (everyday),0 times (not at all),0 times (not at all),0 times (not at all),11 times or more,1 to 3 times,valid
480,3.3,4 to 6 times,4 to 6 times,4 to 6 times,1 to 3 times,4 to 6 times,0 glasses (not at all),7 days (everyday),1 to 3 times,0 times (not at all),0 times (not at all),0 times (not at all),1 to 3 times,valid
481,2.9,4 to 6 times,4 to 6 times,4 to 6 times,1 to 3 times,1 to 3 times,4 to 6 glasses,7 days (everyday),0 times (not at all),0 times (not at all),0 times (not at all),1 to 3 times,0 times (not at all),valid
482,3.12,4 to 6 times,4 to 6 times,0 times (not at all),0 times (not at all),4 to 6 times,0 glasses (not at all),6 days,0 times (not at all),4 to 6 times,7 to 10 times,7 to 10 times,1 to 3 times,valid
483,3.6,4 to 6 times,4 to 6 times,1 to 3 times,4 to 6 times,1 to 3 times,0 glasses (not at all),2 days,0 times (not at all),0 times (not at all),0 times (not at all),1 to 3 times,1 to 3 times,valid
484,3.26,4 to 6 times,4 to 6 times,7 to 10 times,0 times (not at all),1 to 3 times,1 to 3 glasses,0 days (not at all),0 times (not at all),0 times (not at all),0 times (not at all),0 times (not at all),1 to 3 times,valid
485,3.46,4 to 6 times,4 to 6 times,4 to 6 times,0 times (not at all),0 times (not at all),0 glasses (not at all),4 days,1 to 3 times,1 to 3 times,0 times (not at all),0 times (not at all),1 to 3 times,valid
486,2.9,4 to 6 times,4 to 6 times,4 to 6 times,0 times (not at all),1 to 3 times,0 glasses (not at all),1 day,0 times (not at all),0 times (not at all),0 times (not at all),0 times (not at all),4 to 6 times,valid
487,3.8,4 to 6 times,4 to 6 times,7 to 10 times,7 to 10 times,1 to 3 times,4 to 6 glasses,4 days,1 to 3 times,0 times (not at all),0 times (not at all),11 times or more,1 to 3 times,valid
488,3.24,4 to 6 times,4 to 6 times,1 to 3 times,4 to 6 times,1 to 3 times,0 glasses (not at all),2 days,4 to 6 times,0 times (not at all),0 times (not at all),0 times (not at all),4 to 6 times,valid
489,3.72,4 to 6 times,4 to 6 times,1 to 3 times,1 to 3 times,0 times (not at all),0 glasses (not at all),7 days (everyday),1 to 3 times,0 times (not at all),1 to 3 times,0 times (not at all),4 to 6 times,valid
490,3.54,4 to 6 times,4 to 6 times,1 to 3 times,1 to 3 times,4 to 6 times,4 to 6 glasses,7 days (everyday),0 times (not at all),0 times (not at all),0 times (not at all),7 to 10 times,1 to 3 times,valid
491,3.1,4 to 6 times,4 to 6 times,1 to 3 times,1 to 3 times,1 to 3 times,4 to 6 glasses,1 day,11 times or more,0 times (not at all),0 times (not at all),0 times (not at all),0 times (not at all),valid
492,3.7,4 to 6 times,4 to 6 times,1 to 3 times,0 times (not at all),1 to 3 times,1 to 3 glasses,7 days (everyday),4 to 6 times,0 times (not at all),0 times (not at all),0 times (not at all),1 to 3 times,valid
493,3.82,4 to 6 times,4 to 6 times,1 to 3 times,0 times (not at all),0 times (not at all),0 glasses (not at all),7 days (everyday),0 times (not at all),0 times (not at all),0 times (not at all),0 times (not at all),1 to 3 times,valid
494,2.4,4 to 6 times,4 to 6 times,1 to 3 times,1 to 3 times,1 to 3 times,1 to 3 glasses,2 days,1 to 3 times,1 to 3 times,0 times (not at all),1 to 3 times,11 times or more,valid
495,2.91,4 to 6 times,4 to 6 times,4 to 6 times,4 to 6 times,1 to 3 times,0 glasses (not at all),6 days,0 times (not at all),0 times (not at all),0 times (not at all),1 to 3 times,1 to 3 times,valid
496,3.67,4 to 6 times,4 to 6 times,1 to 3 times,0 times (not at all),0 times (not at all),1 to 3 glasses,7 days (everyday),0 times (not at all),0 times (not at all),0 times (not at all),0 times (not at all),1 to 3 times,valid
497,2.54,4 to 6 times,4 to 6 times,4 to 6 times,0 times (not at all),1 to 3 times,0 glasses (not at all),0 days (not at all),4 to 6 times,0 times (not at all),0 times (not at all),4 to 6 times,4 to 6 times,valid
498,3.4,4 to 6 times,4 to 6 times,4 to 6 times,0 times (not at all),0 times (not at all),1 to 3 glasses,7 days (everyday),0 times (not at all),0 times (not at all),0 times (not at all),0 times (not at all),0 times (not at all),valid
499,3.5,4 to 6 times,4 to 6 times,1 to 3 times,0 times (not at all),1 to 3 times,4 to 6 glasses,7 days (everyday),1 to 3 times,0 times (not at all),0 times (not at all),11 times or more,1 to 3 times,valid
500,2.8,4 to 6 times,4 to 6 times,1 to 3 times,1 to 3 times,1 to 3 times,0 glasses (not at all),3 days,7 to 10 times,0 times (not at all),0 times (not at all),0 times (not at all),1 to 3 times,valid
501,2.8,4 to 6 times,4 to 6 times,7 to 10 times,0 times (not at all),0 times (not at all),4 to 6 glasses,0 days (not at all),0 times (not at all),7 to 10 times,1 to 3 times,1 to 3 times,11 times or more,valid
502,3.09,4 to 6 times,4 to 6 times,4 to 6 times,1 to 3 times,4 to 6 times,7 to 10 glasses,7 days (everyday),1 to 3 times,0 times (not at all),0 times (not at all),0 times (not at all),1 to 3 times,valid
503,2.5,4 to 6 times,4 to 6 times,4 to 6 times,1 to 3 times,0 times (not at all),4 to 6 glasses,3 days,1 to 3 times,0 times (not at all),0 times (not at all),1 to 3 times,1 to 3 times,valid
504,2.79,4 to 6 times,4 to 6 times,4 to 6 times,4 to 6 times,0 times (not at all),0 glasses (not at all),0 days (not at all),7 to 10 times,0 times (not at all),0 times (not at all),7 to 10 times,4 to 6 times,valid
505,3,4 to 6 times,4 to 6 times,4 to 6 times,0 times (not at all),0 times (not at all),1 to 3 glasses,3 days,0 times (not at all),0 times (not at all),0 times (not at all),0 times (not at all),1 to 3 times,valid
506,3.5,4 to 6 times,4 to 6 times,1 to 3 times,1 to 3 times,0 times (not at all),0 glasses (not at all),1 day,0 times (not at all),0 times (not at all),0 times (not at all),1 to 3 times,1 to 3 times,valid
507,2.89,4 to 6 times,4 to 6 times,4 to 6 times,1 to 3 times,1 to 3 times,0 glasses (not at all),3 days,1 to 3 times,0 times (not at all),0 times (not at all),0 times (not at all),1 to 3 times,valid
508,3.5,7 to 10 times,7 to 10 times,7 to 10 times,0 times (not at all),7 to 10 times,0 glasses (not at all),0 days (not at all),0 times (not at all),0 times (not at all),0 times (not at all),0 times (not at all),0 times (not at all),valid
509,4,7 to 10 times,7 to 10 times,7 to 10 times,0 times (not at all),4 to 6 times,1 to 3 glasses,7 days (everyday),0 times (not at all),1 to 3 times,1 to 3 times,1 to 3 times,1 to 3 times,valid
510,4,7 to 10 times,7 to 10 times,1 to 3 times,1 to 3 times,1 to 3 times,0 glasses (not at all),3 days,0 times (not at all),0 times (not at all),0 times (not at all),0 times (not at all),0 times (not at all),valid
511,3.81,7 to 10 times,7 to 10 times,4 to 6 times,1 to 3 times,1 to 3 times,7 to 10 glasses,7 days (everyday),0 times (not at all),0 times (not at all),0 times (not at all),0 times (not at all),0 times (not at all),valid
512,3.07,7 to 10 times,7 to 10 times,4 to 6 times,1 to 3 times,1 to 3 times,0 glasses (not at all),4 days,0 times (not at all),0 times (not at all),0 times (not at all),0 times (not at all),1 to 3 times,valid
513,3.1,7 to 10 times,7 to 10 times,4 to 6 times,0 times (not at all),1 to 3 times,0 glasses (not at all),4 days,0 times (not at all),0 times (not at all),0 times (not at all),1 to 3 times,1 to 3 times,valid
514,4,7 to 10 times,7 to 10 times,7 to 10 times,7 to 10 times,4 to 6 times,0 glasses (not at all),7 days (everyday),0 times (not at all),0 times (not at all),0 times (not at all),0 times (not at all),0 times (not at all),valid
515,2.76,7 to 10 times,7 to 10 times,4 to 6 times,0 times (not at all),0 times (not at all),1 to 3 glasses,7 days (everyday),0 times (not at all),0 times (not at all),4 to 6 times,0 times (not at all),1 to 3 times,valid
516,2.9,7 to 10 times,7 to 10 times,4 to 6 times,1 to 3 times,1 to 3 times,7 to 10 glasses,7 days (everyday),0 times (not at all),0 times (not at all),0 times (not at all),0 times (not at all),0 times (not at all),valid
517,3.2,7 to 10 times,7 to 10 times,1 to 3 times,4 to 6 times,0 times (not at all),0 glasses (not at all),7 days (everyday),11 times or more,0 times (not at all),0 times (not at all),0 times (not at all),0 times (not at all),valid
518,4,7 to 10 times,7 to 10 times,1 to 3 times,1 to 3 times,1 to 3 times,4 to 6 glasses,4 days,1 to 3 times,0 times (not at all),0 times (not at all),0 times (not at all),0 times (not at all),valid
519,3.76,7 to 10 times,7 to 10 times,11 times or more,1 to 3 times,0 times (not at all),11 glasses or more,7 days (everyday),0 times (not at all),0 times (not at all),0 times (not at all),1 to 3 times,1 to 3 times,valid
520,3.63,7 to 10 times,7 to 10 times,1 to 3 times,0 times (not at all),4 to 6 times,0 glasses (not at all),5 days,1 to 3 times,0 times (not at all),0 times (not at all),1 to 3 times,1 to 3 times,valid
521,3.23,7 to 10 times,7 to 10 times,4 to 6 times,1 to 3 times,1 to 3 times,7 to 10 glasses,7 days (everyday),0 times (not at all),0 times (not at all),0 times (not at all),0 times (not at all),0 times (not at all),valid
522,3.75,7 to 11 times,7 to 10 times,1 to 3 times,0 times (not at all),1 to 3 times,0 glasses (not at all),3 days,0 times (not at all),0 times (not at all),0 times (not at all),0 times (not at all),1 to 3 times,valid
523,3.3,7 to 11 times,7 to 10 times,4 to 6 times,0 times (not at all),7 to 10 times,1 to 3 glasses,4 days,0 times (not at all),0 times (not at all),0 times (not at all),0 times (not at all),0 times (not at all),valid
524,3.69,7 to 11 times,7 to 10 times,4 to 6 times,1 to 3 times,4 to 6 times,7 to 10 glasses,5 days,1 to 3 times,0 times (not at all),0 times (not at all),0 times (not at all),1 to 3 times,valid
525,3.91,7 to 11 times,7 to 10 times,11 times or more,1 to 3 times,11 times or more,0 glasses (not at all),7 days (everyday),0 times (not at all),0 times (not at all),0 times (not at all),0 times (not at all),0 times (not at all),valid
526,3.45,7 to 11 times,7 to 10 times,1 to 3 times,0 times (not at all),1 to 3 times,0 glasses (not at all),1 day,0 times (not at all),0 times (not at all),0 times (not at all),1 to 3 times,4 to 6 times,valid
527,4,7 to 11 times,7 to 10 times,1 to 3 times,0 times (not at all),1 to 3 times,4 to 6 glasses,5 days,0 times (not at all),0 times (not at all),0 times (not at all),1 to 3 times,0 times (not at all),valid
528,3.75,7 to 11 times,7 to 10 times,7 to 10 times,0 times (not at all),4 to 6 times,1 to 3 glasses,7 days (everyday),0 times (not at all),0 times (not at all),0 times (not at all),0 times (not at all),0 times (not at all),valid
529,4,7 to 11 times,7 to 10 times,4 to 6 times,0 times (not at all),4 to 6 times,0 glasses (not at all),7 days (everyday),1 to 3 times,0 times (not at all),0 times (not at all),0 times (not at all),1 to 3 times,valid
530,2.6,7 to 11 times,7 to 10 times,1 to 3 times,4 to 6 times,7 to 10 times,0 glasses (not at all),7 days (everyday),0 times (not at all),0 times (not at all),0 times (not at all),0 times (not at all),0 times (not at all),valid
531,3.9,7 to 11 times,7 to 10 times,7 to 10 times,0 times (not at all),7 to 10 times,1 to 3 glasses,7 days (everyday),0 times (not at all),0 times (not at all),0 times (not at all),0 times (not at all),0 times (not at all),valid
532,3.8,7 to 11 times,7 to 10 times,0 times (not at all),1 to 3 times,4 to 6 times,4 to 6 glasses,2 days,7 to 10 times,0 times (not at all),0 times (not at all),0 times (not at all),1 to 3 times,valid
533,3.7,7 to 11 times,7 to 10 times,1 to 3 times,0 times (not at all),4 to 6 times,1 to 3 glasses,7 days (everyday),0 times (not at all),0 times (not at all),0 times (not at all),0 times (not at all),1 to 3 times,valid
534,4,7 to 11 times,7 to 10 times,7 to 10 times,4 to 6 times,1 to 3 times,1 to 3 glasses,3 days,1 to 3 times,0 times (not at all),0 times (not at all),0 times (not at all),1 to 3 times,valid
535,3.5,7 to 11 times,7 to 10 times,1 to 3 times,0 times (not at all),1 to 3 times,1 to 3 glasses,5 days,1 to 3 times,0 times (not at all),0 times (not at all),0 times (not at all),1 to 3 times,valid
536,3.45,7 to 11 times,7 to 10 times,7 to 10 times,0 times (not at all),4 to 6 times,0 glasses (not at all),1 day,0 times (not at all),0 times (not at all),0 times (not at all),0 times (not at all),1 to 3 times,valid
537,3.2,7 to 11 times,7 to 10 times,1 to 3 times,0 times (not at all),1 to 3 times,0 glasses (not at all),7 days (everyday),0 times (not at all),0 times (not at all),0 times (not at all),4 to 6 times,1 to 3 times,valid
538,3.6,7 to 11 times,7 to 10 times,7 to 10 times,1 to 3 times,0 times (not at all),0 glasses (not at all),0 days (not at all),0 times (not at all),0 times (not at all),0 times (not at all),0 times (not at all),0 times (not at all),valid
539,4,7 to 11 times,7 to 10 times,1 to 3 times,0 times (not at all),0 times (not at all),0 glasses (not at all),4 days,1 to 3 times,1 to 3 times,0 times (not at all),1 to 3 times,1 to 3 times,valid
540,3.55,7 to 11 times,7 to 10 times,4 to 6 times,4 to 6 times,0 times (not at all),1 to 3 glasses,2 days,1 to 3 times,1 to 3 times,0 times (not at all),0 times (not at all),1 to 3 times,valid
541,3.34,7 to 11 times,7 to 10 times,4 to 6 times,7 to 10 times,0 times (not at all),0 glasses (not at all),5 days,4 to 6 times,0 times (not at all),0 times (not at all),0 times (not at all),1 to 3 times,valid
542,2.5,7 to 11 times,7 to 10 times,4 to 6 times,4 to 6 times,4 to 6 times,1 to 3 glasses,4 days,4 to 6 times,1 to 3 times,0 times (not at all),0 times (not at all),0 times (not at all),valid
543,3.31,7 to 11 times,7 to 10 times,4 to 6 times,4 to 6 times,4 to 6 times,1 to 3 glasses,4 days,4 to 6 times,1 to 3 times,0 times (not at all),0 times (not at all),0 times (not at all),valid
544,1.9,7 to 11 times,7 to 10 times,11 times or more,11 times or more,0 times (not at all),1 to 3 glasses,1 day,0 times (not at all),1 to 3 times,0 times (not at all),0 times (not at all),1 to 3 times,valid
545,3.36,7 to 11 times,7 to 10 times,4 to 6 times,0 times (not at all),0 times (not at all),1 to 3 glasses,6 days,0 times (not at all),0 times (not at all),0 times (not at all),0 times (not at all),0 times (not at all),valid
546,2.9,7 to 11 times,7 to 10 times,7 to 10 times,0 times (not at all),4 to 6 times,0 glasses (not at all),5 days,1 to 3 times,0 times (not at all),0 times (not at all),0 times (not at all),1 to 3 times,valid
547,3.5,7 to 11 times,7 to 10 times,1 to 3 times,0 times (not at all),4 to 6 times,0 glasses (not at all),4 days,1 to 3 times,0 times (not at all),0 times (not at all),1 to 3 times,1 to 3 times,valid
548,3.902,7 to 11 times,7 to 10 times,4 to 6 times,0 times (not at all),1 to 3 times,0 glasses (not at all),7 days (everyday),0 times (not at all),0 times (not at all),0 times (not at all),0 times (not at all),0 times (not at all),valid
549,3.81,7 to 11 times,7 to 10 times,7 to 10 times,0 times (not at all),1 to 3 times,7 to 10 glasses,7 days (everyday),0 times (not at all),0 times (not at all),0 times (not at all),0 times (not at all),1 to 3 times,valid
550,3.4,7 to 11 times,7 to 10 times,4 to 6 times,0 times (not at all),1 to 3 times,1 to 3 glasses,4 days,1 to 3 times,0 times (not at all),0 times (not at all),1 to 3 times,4 to 6 times,valid
551,3.52,7 to 11 times,7 to 10 times,4 to 6 times,0 times (not at all),1 to 3 times,0 glasses (not at all),7 days (everyday),1 to 3 times,0 times (not at all),1 to 3 times,0 times (not at all),1 to 3 times,valid
552,3,7 to 11 times,7 to 10 times,7 to 10 times,1 to 3 times,4 to 6 times,0 glasses (not at all),0 days (not at all),1 to 3 times,4 to 6 times,4 to 6 times,1 to 3 times,1 to 3 times,valid
553,3.3,7 to 11 times,7 to 10 times,7 to 10 times,1 to 3 times,1 to 3 times,0 glasses (not at all),5 days,0 times (not at all),0 times (not at all),0 times (not at all),1 to 3 times,0 times (not at all),valid
554,3.72,7 to 11 times,7 to 10 times,1 to 3 times,1 to 3 times,1 to 3 times,1 to 3 glasses,0 days (not at all),1 to 3 times,0 times (not at all),0 times (not at all),0 times (not at all),1 to 3 times,valid
555,2.28,7 to 11 times,7 to 10 times,7 to 10 times,1 to 3 times,4 to 6 times,0 glasses (not at all),3 days,0 times (not at all),1 to 3 times,7 to 10 times,0 times (not at all),1 to 3 times,valid
556,3.04,7 to 11 times,7 to 10 times,7 to 10 times,1 to 3 times,0 times (not at all),0 glasses (not at all),2 days,1 to 3 times,0 times (not at all),0 times (not at all),0 times (not at all),1 to 3 times,valid
557,3.46,7 to 11 times,7 to 10 times,4 to 6 times,7 to 10 times,1 to 3 times,1 to 3 glasses,7 days (everyday),1 to 3 times,0 times (not at all),0 times (not at all),0 times (not at all),0 times (not at all),valid
558,3.23,7 to 11 times,7 to 10 times,4 to 6 times,4 to 6 times,4 to 6 times,0 glasses (not at all),7 days (everyday),1 to 3 times,0 times (not at all),0 times (not at all),0 times (not at all),1 to 3 times,valid
559,3.01,7 to 11 times,7 to 10 times,4 to 6 times,0 times (not at all),1 to 3 times,0 glasses (not at all),2 days,11 times or more,11 times or more,0 times (not at all),0 times (not at all),1 to 3 times,valid
560,2.9,7 to 11 times,7 to 10 times,1 to 3 times,0 times (not at all),1 to 3 times,0 glasses (not at all),0 days (not at all),0 times (not at all),0 times (not at all),0 times (not at all),0 times (not at all),1 to 3 times,valid
561,3.96,7 to 11 times,7 to 10 times,7 to 10 times,0 times (not at all),4 to 6 times,0 glasses (not at all),6 days,1 to 3 times,1 to 3 times,0 times (not at all),0 times (not at all),0 times (not at all),valid
562,4,7 to 11 times,7 to 10 times,11 times or more,11 times or more,1 to 3 times,0 glasses (not at all),6 days,1 to 3 times,0 times (not at all),0 times (not at all),1 to 3 times,1 to 3 times,valid
563,4,7 to 11 times,7 to 10 times,7 to 10 times,0 times (not at all),1 to 3 times,0 glasses (not at all),7 days (everyday),0 times (not at all),0 times (not at all),0 times (not at all),0 times (not at all),1 to 3 times,valid
564,4,7 to 11 times,7 to 10 times,4 to 6 times,0 times (not at all),4 to 6 times,7 to 10 glasses,7 days (everyday),0 times (not at all),0 times (not at all),0 times (not at all),0 times (not at all),0 times (not at all),valid
565,3.9,7 to 11 times,7 to 10 times,7 to 10 times,1 to 3 times,1 to 3 times,0 glasses (not at all),7 days (everyday),1 to 3 times,0 times (not at all),0 times (not at all),1 to 3 times,4 to 6 times,valid
566,3.92,7 to 11 times,7 to 10 times,11 times or more,0 times (not at all),4 to 6 times,0 glasses (not at all),7 days (everyday),0 times (not at all),0 times (not at all),0 times (not at all),1 to 3 times,1 to 3 times,valid
567,3.61,7 to 11 times,7 to 10 times,7 to 10 times,1 to 3 times,1 to 3 times,0 glasses (not at all),7 days (everyday),0 times (not at all),0 times (not at all),0 times (not at all),4 to 6 times,0 times (not at all),valid
568,3.8,7 to 11 times,7 to 10 times,4 to 6 times,0 times (not at all),1 to 3 times,0 glasses (not at all),3 days,0 times (not at all),0 times (not at all),0 times (not at all),0 times (not at all),0 times (not at all),valid
569,3.3,7 to 11 times,7 to 10 times,4 to 6 times,0 times (not at all),4 to 6 times,0 glasses (not at all),6 days,0 times (not at all),0 times (not at all),0 times (not at all),0 times (not at all),0 times (not at all),valid
570,3.2,7 to 11 times,7 to 10 times,7 to 10 times,0 times (not at all),1 to 3 times,0 glasses (not at all),4 days,1 to 3 times,0 times (not at all),0 times (not at all),0 times (not at all),1 to 3 times,valid
571,2.75,7 to 11 times,7 to 10 times,4 to 6 times,1 to 3 times,1 to 3 times,0 glasses (not at all),2 days,1 to 3 times,0 times (not at all),0 times (not at all),0 times (not at all),0 times (not at all),valid
572,3.6,7 to 11 times,7 to 10 times,4 to 6 times,0 times (not at all),1 to 3 times,0 glasses (not at all),4 days,0 times (not at all),0 times (not at all),0 times (not at all),0 times (not at all),1 to 3 times,valid
573,2.7,7 to 11 times,7 to 10 times,0 times (not at all),1 to 3 times,1 to 3 times,4 to 6 glasses,7 days (everyday),4 to 6 times,0 times (not at all),0 times (not at all),1 to 3 times,1 to 3 times,valid
574,3.1,7 to 11 times,7 to 10 times,7 to 10 times,1 to 3 times,1 to 3 times,1 to 3 glasses,0 days (not at all),1 to 3 times,1 to 3 times,0 times (not at all),0 times (not at all),1 to 3 times,valid
575,2.9,7 to 11 times,7 to 10 times,7 to 10 times,1 to 3 times,1 to 3 times,1 to 3 glasses,0 days (not at all),1 to 3 times,1 to 3 times,0 times (not at all),0 times (not at all),1 to 3 times,valid
576,3.41,7 to 11 times,7 to 10 times,7 to 10 times,1 to 3 times,1 to 3 times,7 to 10 glasses,1 day,1 to 3 times,0 times (not at all),0 times (not at all),0 times (not at all),1 to 3 times,valid
577,3.85,7 to 11 times,7 to 10 times,7 to 10 times,1 to 3 times,1 to 3 times,0 glasses (not at all),7 days (everyday),0 times (not at all),0 times (not at all),0 times (not at all),0 times (not at all),0 times (not at all),valid
578,3.8,7 to 11 times,7 to 10 times,7 to 10 times,1 to 3 times,7 to 10 times,1 to 3 glasses,7 days (everyday),4 to 6 times,4 to 6 times,0 times (not at all),0 times (not at all),4 to 6 times,valid
579,3.8,7 to 11 times,7 to 10 times,4 to 6 times,1 to 3 times,1 to 3 times,0 glasses (not at all),7 days (everyday),0 times (not at all),0 times (not at all),1 to 3 times,4 to 6 times,0 times (not at all),valid
580,3.6,7 to 11 times,7 to 10 times,4 to 6 times,1 to 3 times,1 to 3 times,1 to 3 glasses,7 days (everyday),1 to 3 times,1 to 3 times,0 times (not at all),0 times (not at all),1 to 3 times,valid
581,3.11,7 to 11 times,7 to 10 times,4 to 6 times,0 times (not at all),4 to 6 times,0 glasses (not at all),4 days,0 times (not at all),1 to 3 times,0 times (not at all),1 to 3 times,0 times (not at all),valid
582,4,7 to 11 times,7 to 10 times,4 to 6 times,0 times (not at all),4 to 6 times,0 glasses (not at all),3 days,1 to 3 times,0 times (not at all),0 times (not at all),0 times (not at all),1 to 3 times,valid
583,2.7,7 to 11 times,7 to 10 times,1 to 3 times,0 times (not at all),1 to 3 times,0 glasses (not at all),7 days (everyday),0 times (not at all),1 to 3 times,0 times (not at all),1 to 3 times,0 times (not at all),valid
584,2.9,7 to 11 times,7 to 10 times,4 to 6 times,0 times (not at all),4 to 6 times,1 to 3 glasses,5 days,0 times (not at all),0 times (not at all),0 times (not at all),0 times (not at all),1 to 3 times,valid
585,3.1,7 to 11 times,7 to 10 times,1 to 3 times,0 times (not at all),1 to 3 times,1 to 3 glasses,4 days,0 times (not at all),0 times (not at all),0 times (not at all),1 to 3 times,0 times (not at all),valid
586,3.5,7 to 11 times,7 to 10 times,4 to 6 times,1 to 3 times,7 to 10 times,1 to 3 glasses,2 days,1 to 3 times,0 times (not at all),0 times (not at all),0 times (not at all),0 times (not at all),valid
587,3.5,7 to 11 times,7 to 10 times,7 to 10 times,1 to 3 times,0 times (not at all),0 glasses (not at all),0 days (not at all),0 times (not at all),0 times (not at all),0 times (not at all),0 times (not at all),0 times (not at all),valid
588,3.7,7 to 11 times,7 to 10 times,4 to 6 times,7 to 10 times,1 to 3 times,0 glasses (not at all),7 days (everyday),0 times (not at all),0 times (not at all),0 times (not at all),0 times (not at all),0 times (not at all),valid
589,4,7 to 11 times,7 to 10 times,4 to 6 times,0 times (not at all),4 to 6 times,0 glasses (not at all),5 days,0 times (not at all),0 times (not at all),0 times (not at all),0 times (not at all),1 to 3 times,valid
590,3.01,7 to 11 times,7 to 10 times,11 times or more,7 to 10 times,1 to 3 times,0 glasses (not at all),3 days,1 to 3 times,1 to 3 times,0 times (not at all),0 times (not at all),1 to 3 times,valid
591,3.3,7 to 11 times,7 to 10 times,11 times or more,0 times (not at all),0 times (not at all),0 glasses (not at all),3 days,0 times (not at all),0 times (not at all),0 times (not at all),0 times (not at all),0 times (not at all),valid
592,3.53,7 to 11 times,7 to 10 times,7 to 10 times,4 to 6 times,4 to 6 times,0 glasses (not at all),5 days,0 times (not at all),0 times (not at all),0 times (not at all),0 times (not at all),1 to 3 times,valid
593,4,7 to 11 times,7 to 10 times,11 times or more,0 times (not at all),4 to 6 times,0 glasses (not at all),7 days (everyday),0 times (not at all),0 times (not at all),0 times (not at all),0 times (not at all),0 times (not at all),valid
594,3.8,7 to 11 times,7 to 10 times,11 times or more,0 times (not at all),0 times (not at all),0 glasses (not at all),7 days (everyday),0 times (not at all),0 times (not at all),0 times (not at all),0 times (not at all),1 to 3 times,valid
595,3.8,7 to 11 times,7 to 10 times,7 to 10 times,1 to 3 times,0 times (not at all),4 to 6 glasses,6 days,0 times (not at all),0 times (not at all),0 times (not at all),0 times (not at all),4 to 6 times,valid
596,3.8,7 to 11 times,7 to 10 times,4 to 6 times,4 to 6 times,4 to 6 times,0 glasses (not at all),7 days (everyday),1 to 3 times,0 times (not at all),0 times (not at all),0 times (not at all),1 to 3 times,valid
597,3.94,7 to 11 times,7 to 10 times,11 times or more,1 to 3 times,0 times (not at all),0 glasses (not at all),7 days (everyday),0 times (not at all),0 times (not at all),0 times (not at all),0 times (not at all),1 to 3 times,valid
598,3,7 to 11 times,7 to 10 times,1 to 3 times,0 times (not at all),1 to 3 times,0 glasses (not at all),3 days,0 times (not at all),0 times (not at all),0 times (not at all),0 times (not at all),1 to 3 times,valid
599,3.7,7 to 11 times,7 to 10 times,4 to 6 times,1 to 3 times,1 to 3 times,1 to 3 glasses,7 days (everyday),0 times (not at all),0 times (not at all),0 times (not at all),1 to 3 times,0 times (not at all),valid
600,4,7 to 11 times,7 to 10 times,7 to 10 times,0 times (not at all),0 times (not at all),1 to 3 glasses,1 day,0 times (not at all),1 to 3 times,0 times (not at all),0 times (not at all),1 to 3 times,valid
601,3.7,7 to 11 times,7 to 10 times,7 to 10 times,0 times (not at all),1 to 3 times,1 to 3 glasses,4 days,7 to 10 times,0 times (not at all),0 times (not at all),4 to 6 times,1 to 3 times,valid
602,3.3,7 to 11 times,7 to 10 times,7 to 10 times,7 to 10 times,7 to 10 times,1 to 3 glasses,7 days (everyday),4 to 6 times,0 times (not at all),0 times (not at all),4 to 6 times,1 to 3 times,valid
603,3.5,7 to 11 times,7 to 10 times,1 to 3 times,1 to 3 times,0 times (not at all),0 glasses (not at all),2 days,0 times (not at all),0 times (not at all),0 times (not at all),0 times (not at all),1 to 3 times,valid
604,3.51,7 to 11 times,7 to 10 times,7 to 10 times,1 to 3 times,4 to 6 times,0 glasses (not at all),5 days,1 to 3 times,1 to 3 times,0 times (not at all),1 to 3 times,1 to 3 times,valid
605,3.2,7 to 11 times,7 to 10 times,4 to 6 times,4 to 6 times,1 to 3 times,4 to 6 glasses,0 days (not at all),1 to 3 times,0 times (not at all),4 to 6 times,0 times (not at all),1 to 3 times,valid
606,3.09,7 to 11 times,7 to 10 times,1 to 3 times,0 times (not at all),7 to 10 times,1 to 3 glasses,5 days,0 times (not at all),4 to 6 times,0 times (not at all),0 times (not at all),1 to 3 times,valid
607,3.487,7 to 11 times,7 to 10 times,4 to 6 times,4 to 6 times,0 times (not at all),0 glasses (not at all),7 days (everyday),7 to 10 times,0 times (not at all),0 times (not at all),7 to 10 times,7 to 10 times,valid
608,4,7 to 11 times,7 to 10 times,0 times (not at all),1 to 3 times,1 to 3 times,0 glasses (not at all),1 day,0 times (not at all),0 times (not at all),0 times (not at all),4 to 6 times,0 times (not at all),valid
609,2.9,7 to 11 times,7 to 10 times,4 to 6 times,0 times (not at all),1 to 3 times,0 glasses (not at all),3 days,0 times (not at all),0 times (not at all),0 times (not at all),0 times (not at all),0 times (not at all),valid
610,3.73,7 to 11 times,7 to 10 times,4 to 6 times,1 to 3 times,1 to 3 times,0 glasses (not at all),6 days,1 to 3 times,0 times (not at all),0 times (not at all),0 times (not at all),1 to 3 times,valid
611,3.76,7 to 11 times,7 to 10 times,0 times (not at all),1 to 3 times,1 to 3 times,1 to 3 glasses,0 days (not at all),1 to 3 times,0 times (not at all),0 times (not at all),0 times (not at all),1 to 3 times,valid
612,3.76,7 to 11 times,7 to 10 times,1 to 3 times,1 to 3 times,0 times (not at all),1 to 3 glasses,7 days (everyday),1 to 3 times,0 times (not at all),0 times (not at all),0 times (not at all),0 times (not at all),valid
613,3.9,7 to 11 times,7 to 10 times,1 to 3 times,0 times (not at all),1 to 3 times,0 glasses (not at all),7 days (everyday),0 times (not at all),0 times (not at all),0 times (not at all),4 to 6 times,1 to 3 times,valid
614,3.94,7 to 11 times,7 to 10 times,1 to 3 times,1 to 3 times,11 times or more,1 to 3 glasses,7 days (everyday),1 to 3 times,0 times (not at all),0 times (not at all),0 times (not at all),1 to 3 times,valid
